threshold,qlearning,hybrid
19.375,18.25,15.0
19.375,18.25,15.0
19.375,18.25,15.0
19.375,18.25,15.0
19.375,18.25,15.0
19.375,18.25,15.0
19.375,18.25,15.0
19.375,18.25,15.0
19.375,18.25,15.0
19.375,18.25,15.0
19.375,18.25,15.0
18.25,18.25,15.0
18.25,18.25,15.0
18.25,18.25,15.0
18.25,18.25,15.0
18.25,18.25,15.0
18.25,18.25,15.0
18.25,18.25,15.0
18.25,18.25,15.0
18.25,18.25,15.0
18.25,18.25,15.0
18.25,18.25,15.0
18.25,18.25,15.0
18.25,18.25,15.0
18.25,18.25,15.0
18.25,18.25,15.0
18.25,18.25,15.0
18.25,18.25,15.0
18.25,18.25,15.0
18.25,18.25,15.0
18.25,18.25,15.0
18.25,18.25,15.0
18.25,18.25,15.0
18.25,18.25,15.0
18.25,18.25,15.0
18.25,18.25,15.0
18.25,18.25,15.0
18.25,18.25,15.0
18.25,18.25,15.0
18.25,18.25,15.0
18.25,18.25,15.0
18.25,18.25,15.0
18.25,18.25,15.0
18.25,18.25,15.0
18.25,18.25,15.0
18.25,18.25,15.0
18.25,18.25,15.0
18.25,18.25,15.0
18.25,18.25,15.0
18.25,18.25,15.0
18.25,18.25,15.0
18.25,18.25,15.0
18.25,18.25,15.0
18.25,18.25,15.0
18.25,18.25,15.0
18.25,18.25,15.0
18.25,18.25,15.0
18.25,18.25,15.0
18.25,18.25,15.0
18.25,18.25,15.0
18.25,18.25,15.0
18.25,18.25,15.0
18.25,18.25,15.0
18.25,18.25,15.0
18.25,18.25,15.0
18.25,18.25,15.0
18.25,18.25,15.0
18.25,18.25,15.0
18.25,18.25,15.0
18.25,18.25,15.0
18.25,18.25,15.0
18.25,18.25,15.0
18.25,18.25,15.0
18.25,18.25,15.0
18.25,18.25,15.0
18.25,18.25,15.0
18.25,17.282647719168857,15.0
18.25,17.285433299391336,15.0
18.25,17.287408147532,15.0
18.25,17.288571816584295,15.0
18.25,17.288924180626932,15.0
18.25,17.28846543484027,15.0
18.25,17.287196095394652,15.0
18.25,17.285116999210665,15.0
18.25,17.28222930359149,15.0
18.25,17.278534485727384,15.0
18.25,17.274034342072646,15.0
18.25,17.268730987595188,15.0
18.25,17.262626854899068,15.0
18.25,17.25572469322038,15.0
18.25,17.248027567296788,15.0
18.25,17.239538856111302,15.0
18.25,17.230262251510716,15.0
18.25,17.220201756699232,15.0
18.25,17.209361684608005,15.0
18.25,17.197746656141128,15.0
18.25,17.185361598298808,15.0
18.25,17.172211742178554,15.0
18.25,17.15830262085505,15.0
18.25,17.1436400671397,15.0
18.25,17.128230211220625,15.0
18.25,17.112079478184135,15.0
18.25,17.095194585418657,15.0
18.25,17.077582539902128,15.0
18.25,16.559250635373964,15.0
18.25,16.04020644939279,15.0
18.25,16.020457840280947,15.0
18.25,15.375,15.0
18.25,15.375,15.0
18.25,15.375,15.0
18.25,15.375,15.0
18.25,15.375,15.0
18.25,15.375,15.0
18.25,15.375,15.0
18.25,15.375,15.0
18.25,15.375,15.0
18.25,15.375,15.0
18.25,15.375,15.0
18.25,15.375,15.0
18.25,15.375,15.0
18.25,15.375,15.0
18.25,15.375,15.0
18.25,15.375,15.0
18.25,15.375,15.0
18.25,15.375,15.0
18.25,15.375,15.0
18.25,15.375,15.0
18.25,15.375,15.0
18.25,15.375,15.0
18.25,15.375,15.0
18.25,15.375,15.0
18.25,15.375,15.0
18.25,15.375,15.0
18.25,15.375,15.0
18.25,15.375,15.0
18.25,15.375,15.0
18.25,15.375,15.0
18.25,15.375,15.0
18.25,15.375,15.0
18.25,15.375,15.0
18.25,15.375,15.0
18.25,15.375,15.0
18.25,15.375,15.0
18.25,15.375,15.0
18.25,15.375,15.0
18.25,15.375,15.0
18.25,15.375,15.0
18.25,15.375,15.0
18.25,15.375,15.0
18.25,15.375,15.0
18.25,15.375,15.0
18.25,15.375,15.0
18.25,15.375,15.0
18.25,15.375,15.0
18.25,15.375,15.0
18.25,15.375,15.0
18.25,15.375,15.0
18.25,15.375,15.0
18.25,15.375,15.0
18.25,15.375,15.0
18.25,15.375,15.0
18.25,15.375,15.0
18.25,15.375,15.0
18.25,15.375,15.0
18.25,15.375,15.0
18.25,15.375,15.0
18.25,15.375,15.0
18.25,15.375,15.0
18.25,15.375,15.0
18.25,15.375,15.0
18.25,15.375,15.0
18.25,15.375,15.0
18.25,15.375,15.0
18.25,15.375,15.0
18.25,15.375,15.0
18.25,15.375,15.0
18.25,15.375,15.0
18.25,15.375,15.0
18.25,15.375,15.0
18.25,15.375,15.0
18.25,15.375,15.0
18.25,15.375,15.0
18.25,15.375,15.0
18.25,15.375,15.0
18.25,15.375,15.0
18.25,15.375,15.0
18.25,15.375,15.0
18.25,15.375,15.0
18.25,15.375,15.0
18.25,15.375,15.0
18.25,15.375,15.0
18.25,15.375,15.0
18.25,15.375,15.0
18.25,15.375,15.0
18.25,15.375,15.0
18.25,15.375,15.0
18.25,15.375,15.0
18.25,15.375,15.0
18.25,15.375,15.0
18.25,15.375,15.0
18.25,15.375,15.0
18.25,15.375,15.0
18.25,15.375,15.0
18.25,15.375,15.0
18.25,15.375,15.0
18.25,15.375,15.0
18.25,15.375,15.0
18.25,15.375,15.0
18.25,15.375,15.0
18.25,15.375,15.0
18.25,15.375,15.0
18.25,15.375,15.0
18.25,15.375,15.0
18.25,15.375,15.0
18.25,15.375,15.0
18.25,15.375,15.0
18.25,15.375,15.0
18.25,15.375,15.0
18.25,15.375,15.0
18.25,15.375,15.0
18.25,15.375,15.0
18.25,15.375,15.0
18.25,15.375,15.0
18.25,15.375,15.0
18.25,15.375,15.0
18.25,15.375,15.0
18.25,15.375,15.0
18.25,15.375,15.0
18.25,15.375,15.0
18.25,15.375,15.0
18.25,15.375,15.0
18.25,15.375,15.0
18.25,15.375,15.0
18.25,15.375,15.0
18.25,15.375,15.0
18.25,15.375,15.0
18.25,15.375,15.0
18.25,15.375,15.0
18.25,15.375,15.0
18.25,15.375,15.0
18.25,15.375,15.0
18.25,15.375,15.0
18.25,15.375,15.0
18.25,15.375,15.0
18.25,15.375,15.0
18.25,15.375,15.0
18.25,15.375,15.0
18.25,15.375,15.0
18.25,15.375,15.0
18.25,15.375,15.0
18.25,15.375,15.0
18.25,15.375,15.0
18.25,15.375,15.0
18.25,15.375,15.0
18.25,15.375,15.0
18.25,15.375,15.0
18.25,15.375,15.0
18.25,15.375,15.0
18.25,15.375,15.0
18.25,15.375,15.0
18.25,15.375,15.0
18.25,15.375,15.0
18.25,15.375,15.0
18.25,15.375,15.0
18.25,15.375,15.0
18.25,15.375,15.0
18.25,15.375,15.0
18.25,15.375,15.0
18.25,15.375,15.0
18.25,15.375,15.0
18.25,15.375,15.0
18.25,15.375,15.0
18.25,15.375,15.0
18.25,15.375,15.0
18.25,15.375,15.0
18.25,15.375,15.0
18.25,15.375,15.0
18.25,15.375,15.0
18.25,15.375,15.0
18.25,15.375,15.0
18.25,15.375,15.0
18.25,15.375,15.0
18.25,15.375,15.0
18.25,15.375,15.0
18.25,15.375,15.0
18.25,15.375,15.0
18.25,15.375,15.0
18.25,15.375,15.0
18.25,15.375,15.0
18.25,15.375,15.0
18.25,15.375,15.0
18.25,15.375,15.0
18.25,15.375,15.0
18.25,15.375,15.0
18.25,15.375,15.0
18.25,15.375,15.0
18.25,15.375,15.0
18.25,15.375,15.0
18.25,15.375,15.0
18.25,15.375,15.0
18.25,15.375,15.0
18.25,15.375,15.0
18.25,15.375,15.0
18.25,15.375,15.0
18.25,15.375,15.0
18.25,15.375,15.0
18.25,15.375,15.0
18.25,15.375,15.0
18.25,15.375,15.0
18.25,15.375,15.0
18.25,15.375,15.0
18.25,15.375,15.0
18.25,15.375,15.0
18.25,15.375,15.0
18.25,15.375,15.0
18.25,15.375,15.0
18.25,15.375,15.0
18.25,15.375,15.0
18.25,15.375,15.0
18.25,15.375,15.0
18.25,15.375,15.0
18.25,15.375,15.0
18.25,15.375,15.0
18.25,15.375,15.0
18.25,15.375,15.0
18.25,15.375,15.0
18.25,15.375,15.0
18.25,15.375,15.0
18.25,15.375,15.0
18.25,15.375,15.0
18.25,15.375,15.0
18.25,15.375,15.0
18.25,15.375,15.0
18.25,15.375,15.0
18.25,15.375,15.0
18.25,15.375,15.0
18.25,15.375,15.0
18.25,15.375,15.0
18.25,15.375,15.0
18.25,15.375,15.0
18.25,15.375,15.0
18.25,15.375,15.0
18.25,15.375,15.0
18.25,15.375,15.0
18.25,15.375,15.0
18.25,15.375,15.0
18.25,15.375,15.0
18.25,15.375,15.0
18.25,15.375,15.0
18.25,15.375,15.0
18.25,15.375,15.0
18.25,15.375,15.0
18.25,15.375,15.0
18.25,15.375,15.0
18.25,15.375,15.0
18.25,15.375,15.0
18.25,15.375,15.0
18.25,15.375,15.0
18.25,15.375,15.0
18.25,15.375,15.0
18.25,15.375,15.0
18.25,15.375,15.0
18.25,15.375,15.0
18.25,15.375,15.0
18.25,15.375,15.0
18.25,15.375,15.0
18.25,15.375,15.0
18.25,15.375,15.0
18.25,15.375,15.0
18.25,15.375,15.0
18.25,15.375,15.0
18.25,15.375,15.0
18.25,15.375,15.0
18.25,15.375,15.0
18.25,15.375,15.0
18.25,15.375,15.0
18.25,15.375,15.0
18.25,15.375,15.0
18.25,15.375,15.0
18.25,15.375,15.0
18.25,15.375,15.0
18.25,15.375,15.0
18.25,15.375,15.0
18.25,15.375,15.0
18.25,15.375,15.0
18.25,15.375,15.0
18.25,15.375,15.0
18.25,15.375,15.0
18.25,15.375,15.0
18.25,15.375,15.0
18.25,15.625,16.652475283844527
18.25,15.625,15.25
18.25,15.625,15.5
18.25,15.625,14.375
18.25,15.625,14.375
18.25,15.625,14.375
18.25,15.625,14.375
18.25,15.625,14.375
18.25,15.625,14.375
18.25,15.625,14.375
18.25,15.625,14.375
18.25,15.625,14.375
18.25,15.625,14.375
18.25,15.625,14.375
18.25,15.625,14.375
18.25,15.625,14.375
18.25,15.625,14.375
18.25,15.625,14.375
18.25,15.625,14.375
18.25,15.625,14.375
18.25,15.625,14.375
18.25,15.625,14.375
18.25,15.625,14.375
18.25,15.625,14.375
18.25,15.625,14.375
18.25,15.625,14.375
18.25,15.625,14.375
18.25,15.625,14.375
18.25,15.625,14.375
18.25,15.625,14.375
18.25,15.625,14.375
18.25,15.625,14.375
18.25,15.625,14.375
18.25,15.625,14.375
18.25,15.625,14.375
18.25,15.625,14.375
18.25,15.625,14.375
18.25,15.625,14.375
18.25,15.625,14.375
18.25,15.625,14.375
18.25,15.625,14.375
18.25,15.625,14.375
18.25,15.625,14.375
18.25,15.625,14.375
18.25,15.625,14.375
18.25,15.625,14.375
18.25,15.625,14.375
18.25,15.625,14.375
18.25,15.625,14.375
18.25,15.625,14.375
18.25,15.625,14.375
18.25,15.625,14.375
18.25,15.625,14.375
18.25,15.625,14.375
18.25,15.625,14.375
18.25,15.625,14.375
18.25,15.625,14.375
18.25,15.625,14.375
18.25,15.625,14.375
18.25,15.625,14.375
18.25,15.625,14.375
18.25,15.625,14.375
18.25,15.625,14.375
18.25,15.625,14.375
18.25,15.625,14.375
18.25,15.625,14.375
18.25,15.625,14.375
18.25,15.625,14.375
18.25,15.625,14.375
18.25,15.625,14.375
18.25,15.625,14.375
18.25,15.625,14.375
18.25,15.625,14.375
18.25,15.625,14.375
18.25,15.625,14.375
18.25,15.625,14.375
18.25,15.625,14.375
18.25,15.625,14.375
18.25,15.625,14.375
18.25,15.625,14.375
18.25,15.625,14.375
18.25,15.625,14.375
18.25,15.625,14.375
18.25,15.625,14.375
18.25,15.625,14.375
18.25,15.625,14.375
18.25,15.625,14.375
18.25,15.625,14.375
18.25,15.625,14.375
18.25,15.625,14.375
18.25,15.625,14.375
18.25,15.625,14.375
18.25,15.625,14.375
18.25,15.625,14.375
18.25,15.625,14.375
18.25,15.625,14.375
18.25,15.625,14.375
18.25,15.625,14.375
18.25,15.625,14.375
18.25,15.625,14.375
18.25,15.625,14.375
18.25,15.625,14.375
18.25,15.625,14.375
18.25,15.625,14.375
18.25,15.625,14.375
18.25,15.625,14.375
18.25,15.625,14.375
18.25,15.625,14.375
18.25,15.625,14.375
18.25,15.625,14.375
18.25,15.625,14.375
18.25,15.625,14.375
18.25,15.625,14.375
18.25,15.625,14.375
18.25,15.625,14.375
18.25,15.625,14.375
18.25,15.625,14.375
18.25,15.625,14.375
18.25,15.625,14.375
18.25,15.625,14.375
18.25,15.625,14.375
18.25,15.625,14.375
18.25,15.625,14.375
18.25,15.625,14.375
18.25,15.625,14.375
18.25,15.625,14.375
18.25,15.625,14.375
18.25,15.625,14.375
18.25,15.625,14.375
18.25,15.625,14.375
18.25,15.625,14.375
18.25,15.625,14.375
18.25,15.625,14.375
18.25,15.625,14.375
18.25,15.625,14.375
18.25,15.625,14.375
18.25,15.625,14.375
18.25,15.625,14.375
18.25,15.625,14.375
18.25,15.625,14.375
18.25,15.625,14.375
18.25,15.625,14.375
18.25,15.625,14.375
18.25,15.625,14.375
18.25,15.625,14.375
18.25,15.625,14.375
18.25,15.625,14.375
18.25,15.625,14.375
18.25,15.625,14.375
18.25,15.625,14.375
18.25,15.625,14.375
18.25,15.625,14.375
18.25,15.625,14.375
18.25,15.625,14.375
18.25,15.625,14.375
18.25,15.625,14.375
18.25,15.625,14.375
18.25,15.625,14.375
18.25,15.625,14.375
18.25,15.625,14.375
18.25,15.625,14.375
18.25,15.625,14.375
18.25,15.625,14.375
18.25,15.625,14.375
18.25,15.625,14.375
18.25,15.625,14.375
18.25,15.625,14.375
18.25,15.625,14.375
18.25,15.625,14.375
18.25,15.625,14.375
18.25,15.625,14.375
18.25,15.625,14.375
18.25,15.625,14.375
18.25,15.625,14.375
18.25,15.625,14.375
18.25,15.625,14.375
18.25,15.625,14.375
18.25,15.625,14.375
18.25,15.625,14.375
18.25,15.625,14.375
18.25,15.625,14.375
18.25,15.625,14.375
18.25,15.625,14.375
18.25,15.625,14.375
18.25,15.625,14.375
18.25,15.625,14.375
18.25,15.625,14.375
18.25,15.625,14.375
18.25,15.625,14.375
18.25,15.625,14.375
18.25,15.625,14.375
18.25,15.625,14.375
18.25,15.625,14.375
18.25,15.625,14.375
18.25,15.625,14.375
18.25,15.625,14.375
18.25,15.625,14.375
18.25,15.625,14.375
18.25,15.625,14.375
18.25,15.625,14.375
18.25,15.625,14.375
18.25,15.625,14.375
18.25,15.625,14.375
18.25,15.625,14.375
18.25,15.625,14.375
18.25,15.625,14.375
18.25,15.625,14.375
18.25,15.625,14.375
18.25,15.625,14.375
18.25,15.625,14.375
18.25,15.625,14.375
18.25,15.625,14.375
18.25,15.625,14.375
18.25,15.625,14.375
18.25,15.625,14.375
18.25,15.625,14.375
18.25,15.625,14.375
18.25,15.625,14.375
18.25,15.625,14.375
18.25,15.625,14.375
18.25,15.625,14.375
18.25,15.625,14.375
18.25,15.625,14.375
18.25,15.625,14.375
18.25,15.625,14.375
18.25,15.625,14.375
18.25,15.625,14.375
18.25,15.625,14.375
18.25,15.625,14.375
18.25,15.625,14.375
18.25,15.625,14.375
18.25,15.625,14.375
18.25,15.625,14.375
18.25,15.625,14.375
18.25,15.625,14.375
18.25,15.625,14.375
18.25,15.625,14.375
18.25,15.625,14.375
18.25,15.625,14.375
18.25,15.625,14.375
18.25,15.625,14.375
18.25,15.625,14.375
18.25,15.625,14.375
18.25,15.625,14.375
18.25,15.625,14.375
18.25,15.625,14.375
18.25,15.625,14.375
18.25,15.625,14.375
18.25,15.625,14.375
18.25,15.625,14.375
18.25,15.625,14.375
18.25,15.625,14.375
18.25,15.625,14.375
18.25,15.625,14.375
18.25,15.625,14.375
18.25,15.625,14.375
18.25,15.625,14.375
18.25,15.625,14.375
18.25,15.625,14.375
18.25,15.625,14.375
18.25,15.625,14.375
18.25,15.625,14.375
18.25,15.625,14.375
18.25,15.625,14.375
18.25,15.625,14.375
18.25,15.625,14.375
18.25,15.625,14.375
18.25,15.625,14.375
18.25,15.625,14.375
18.25,15.625,14.375
18.25,15.625,14.375
18.25,15.625,14.375
18.25,15.625,14.375
18.25,15.625,14.375
18.25,15.625,14.375
18.25,15.625,14.375
18.25,15.625,14.375
18.25,15.625,14.375
18.25,15.625,14.375
18.25,15.625,14.375
18.25,15.625,14.375
18.25,15.625,14.375
18.25,15.625,14.375
18.25,15.625,14.375
18.25,15.625,14.375
18.25,15.625,14.375
18.25,15.625,14.375
18.25,15.625,14.375
18.25,15.625,14.375
18.25,15.625,14.375
18.25,15.625,14.375
18.25,15.625,14.375
18.25,15.625,14.375
18.25,15.625,14.375
18.25,15.625,14.375
18.25,15.625,14.375
18.25,15.625,14.375
18.25,15.625,14.375
18.25,15.625,14.375
18.25,15.625,14.375
18.25,15.625,14.375
18.25,15.625,14.375
18.25,15.625,14.375
18.25,15.625,14.375
18.25,15.625,14.375
18.25,15.625,14.375
18.25,15.625,14.375
18.25,15.625,14.375
18.25,15.625,14.375
18.25,15.625,14.375
18.25,15.625,14.375
18.25,15.625,14.375
18.25,15.625,14.375
18.25,15.625,14.375
18.25,16.25,15.505520721293545
18.25,15.5,13.875
18.25,15.0,15.125
18.25,15.0,18.044798436224237
18.25,15.0,25.248436022221117
18.25,15.0,14.95664004349079
18.25,15.0,25.238159916298166
18.25,15.0,14.0
18.25,15.0,17.025874663328402
18.25,15.0,16.85575092499315
18.25,15.0,22.291595660365683
18.25,15.0,16.84806545686724
18.25,15.0,14.0
18.25,15.0,14.0
18.25,15.0,14.0
18.25,15.0,14.0
18.25,15.0,14.0
18.25,15.0,14.0
18.25,15.0,14.0
18.25,15.0,14.0
18.25,15.0,14.0
18.25,15.0,14.0
18.25,15.0,14.0
18.25,15.0,14.0
18.25,15.0,14.0
18.25,15.0,14.0
18.25,15.0,14.0
18.25,15.0,14.0
18.25,15.0,14.0
18.25,15.0,14.0
18.25,15.0,14.0
18.25,15.0,14.0
18.25,15.0,14.0
18.25,15.0,14.0
18.25,15.0,14.0
18.25,15.0,14.0
18.25,15.0,14.0
18.25,15.0,14.0
18.25,15.0,14.0
18.25,15.0,14.0
18.25,15.0,14.0
18.25,15.0,14.0
18.25,15.0,14.0
18.25,15.0,14.0
18.25,15.0,14.0
18.25,15.0,14.0
18.25,15.0,14.0
18.25,15.0,14.0
18.25,15.0,14.0
18.25,15.0,14.0
18.25,15.0,14.0
18.25,15.0,14.0
18.25,15.0,14.0
18.25,15.0,14.0
18.25,15.0,14.0
18.25,15.0,14.0
18.25,15.0,14.0
18.25,15.0,14.0
18.25,15.0,14.0
18.25,15.0,14.0
18.25,15.0,14.0
18.25,15.0,14.0
18.25,15.0,14.0
18.25,15.0,14.0
18.25,15.0,14.0
18.25,15.0,14.0
18.25,15.0,14.0
18.25,15.0,14.0
18.25,15.0,14.0
18.25,15.0,14.0
18.25,15.0,14.0
18.25,15.0,14.0
18.25,15.0,14.0
18.25,15.0,14.0
18.25,15.0,14.0
18.25,15.0,14.0
18.25,15.0,14.0
18.25,15.0,14.0
18.25,15.0,14.0
18.25,15.0,14.0
18.25,15.0,14.0
18.25,15.0,14.0
18.25,15.0,14.0
18.25,15.0,14.0
18.25,15.0,14.0
18.25,15.0,14.0
18.25,15.0,14.0
18.25,15.0,14.0
18.25,15.0,14.0
18.25,15.0,14.0
18.25,15.0,14.0
18.25,15.0,14.0
18.25,15.0,14.0
18.25,15.0,14.0
18.25,15.0,14.0
18.25,15.0,14.0
18.25,15.0,14.0
18.25,15.0,14.0
18.25,15.0,14.0
18.25,15.0,14.0
18.25,15.0,14.0
18.25,15.0,14.0
18.25,15.0,14.0
18.25,15.0,14.0
18.25,15.0,14.0
18.25,15.0,14.0
18.25,15.0,14.0
18.25,15.0,14.0
18.25,15.0,14.0
18.25,15.0,14.0
18.25,15.0,14.0
18.25,15.0,14.0
18.25,15.0,14.0
18.25,15.0,14.0
18.25,15.0,14.0
18.25,15.0,14.0
18.25,15.0,14.0
18.25,15.0,14.0
18.25,15.0,14.0
18.25,15.0,14.0
18.25,15.0,14.0
18.25,15.0,14.0
18.25,15.0,14.0
18.25,15.0,14.0
18.25,15.0,14.0
18.25,15.0,14.0
18.25,15.0,14.0
18.25,15.0,14.0
18.25,15.0,14.0
18.25,15.0,14.0
18.25,15.0,14.0
18.25,15.0,14.0
18.25,15.0,14.0
18.25,15.0,14.0
18.25,15.0,14.0
18.25,15.0,14.0
18.25,15.0,14.0
18.25,15.0,14.0
18.25,15.0,14.0
18.25,15.0,14.0
18.25,15.0,14.0
18.25,15.0,14.0
18.25,15.0,14.0
18.25,15.0,14.0
18.25,15.0,14.0
18.25,15.0,14.0
18.25,15.0,14.0
18.25,15.0,14.0
18.25,15.0,14.0
18.25,15.0,14.0
18.25,15.0,14.0
18.25,15.0,14.0
18.25,15.0,14.0
18.25,15.0,14.0
18.25,15.0,14.0
18.25,15.0,14.0
18.25,15.0,14.0
18.25,15.0,14.0
18.25,15.0,14.0
18.25,15.0,14.0
18.25,15.0,14.0
18.25,15.0,14.0
18.25,15.0,14.0
18.25,15.0,14.0
18.25,15.0,14.0
18.25,15.0,14.0
18.25,15.0,14.0
18.25,15.0,14.0
18.25,15.0,14.0
18.25,15.0,14.0
18.25,15.0,14.0
18.25,15.0,14.0
18.25,15.0,14.0
18.25,15.0,14.0
18.25,15.0,14.0
18.25,15.0,14.0
18.25,15.0,14.0
18.25,15.0,14.0
18.25,15.0,14.0
18.25,15.0,14.0
18.25,15.0,14.0
18.25,15.0,14.0
18.25,15.0,14.0
18.25,15.0,14.0
18.25,15.0,14.0
18.25,15.0,14.0
18.25,15.0,14.0
18.25,15.0,14.0
18.25,15.0,14.0
18.25,15.0,14.0
18.25,15.0,14.0
18.25,15.0,14.0
18.25,15.0,14.0
18.25,15.0,14.0
18.25,15.0,14.0
18.25,15.0,14.0
18.25,15.0,14.0
18.25,15.0,14.0
18.25,15.0,14.0
18.25,15.0,14.0
18.25,15.0,14.0
18.25,15.0,14.0
18.25,15.0,14.0
18.25,15.0,14.0
18.25,15.0,14.0
18.25,15.0,14.0
18.25,15.0,14.0
18.25,15.0,14.0
18.25,15.0,14.0
18.25,15.0,14.0
18.25,15.0,14.0
18.25,15.0,14.0
18.25,15.0,14.0
18.25,15.0,14.0
18.25,15.0,14.0
18.25,15.0,14.0
18.25,15.0,14.0
18.25,15.0,14.0
18.25,15.0,14.0
18.25,15.0,14.0
18.25,15.0,14.0
18.25,15.0,14.0
18.25,15.0,14.0
18.25,15.0,14.0
18.25,15.0,14.0
18.25,15.0,14.0
18.25,15.0,14.0
18.25,15.0,14.0
18.25,15.0,14.0
18.25,15.0,14.0
18.25,15.0,14.0
18.25,15.0,14.0
18.25,15.0,14.0
18.25,15.0,14.0
18.25,15.0,14.0
18.25,15.0,14.0
18.25,15.0,14.0
18.25,15.0,14.0
18.25,15.0,14.0
18.25,15.0,14.0
18.25,15.0,14.0
18.25,15.0,14.0
18.25,15.0,14.0
18.25,15.0,14.0
18.25,15.0,14.0
18.25,15.0,14.0
18.25,15.0,14.0
18.25,15.0,14.0
18.25,15.0,14.0
18.25,15.0,14.0
18.25,15.0,14.0
18.25,15.0,14.0
18.25,15.0,14.0
18.25,15.0,14.0
18.25,15.0,14.0
18.25,15.0,14.0
18.25,15.0,14.0
18.25,15.0,14.0
18.25,15.0,14.0
18.25,15.0,14.0
18.25,15.0,14.0
18.25,15.0,14.0
18.25,15.0,14.0
18.25,15.0,14.0
18.25,15.0,14.0
18.25,15.0,14.0
18.25,15.0,14.0
18.25,15.0,14.0
18.25,15.0,14.0
18.25,15.0,14.0
18.25,15.0,14.0
18.25,15.0,14.0
18.25,15.0,14.0
18.25,15.0,14.0
18.25,15.0,14.0
18.25,15.0,14.0
18.25,15.0,14.0
18.25,15.0,14.0
18.25,15.0,14.0
18.25,15.0,14.0
18.25,15.0,14.0
18.25,15.0,14.0
18.25,15.0,14.0
18.25,15.0,14.0
18.25,15.0,14.0
18.25,15.0,14.0
18.25,15.0,14.0
18.25,15.0,14.0
18.25,15.0,14.0
18.25,15.0,14.0
18.25,15.0,14.0
18.25,15.0,14.0
18.25,15.0,14.0
18.25,15.0,14.0
18.25,15.0,14.0
18.25,15.0,14.0
19.375,19.375,19.375
19.375,19.375,19.375
19.375,19.375,19.375
19.375,19.375,19.375
19.375,19.375,19.375
19.375,19.375,19.375
19.375,19.375,19.375
19.375,19.375,19.375
19.375,19.375,19.375
19.375,19.375,19.375
19.375,19.375,19.375
19.375,19.375,19.375
19.375,19.375,19.375
19.375,19.375,19.375
19.375,19.375,19.375
19.375,19.375,19.375
19.375,19.375,19.375
19.375,19.375,19.375
19.375,19.375,19.375
19.375,19.375,19.375
19.375,19.375,19.375
19.375,19.375,19.375
19.375,19.375,19.375
19.375,19.375,19.375
19.375,19.375,19.375
19.375,19.375,19.375
19.375,19.375,19.375
19.375,19.375,19.375
19.375,19.375,19.375
19.375,19.375,19.375
19.375,19.375,19.375
19.375,19.375,19.375
19.375,19.375,19.375
19.375,19.375,19.375
19.375,19.375,19.375
19.375,19.375,19.375
19.375,19.375,19.375
19.375,19.375,19.375
19.375,19.375,19.375
19.375,19.375,19.375
19.375,19.375,19.375
19.375,19.375,19.375
19.375,19.375,19.375
19.375,19.375,19.375
19.375,19.375,19.375
19.375,19.375,19.375
19.375,19.375,19.375
19.375,19.375,19.375
19.375,19.375,19.375
19.375,19.375,19.375
19.375,19.375,19.375
19.375,19.375,19.375
19.375,19.375,19.375
19.375,19.375,19.375
19.375,19.375,19.375
19.375,19.375,19.375
19.375,19.375,19.375
19.375,19.375,19.375
19.375,19.375,19.375
19.375,19.375,19.375
19.375,19.375,19.375
19.375,19.375,19.375
19.375,19.375,19.375
19.375,19.375,19.375
19.375,19.375,19.375
19.375,19.375,19.375
19.375,19.375,19.375
19.375,19.375,19.375
19.375,19.375,19.375
19.375,19.375,19.375
19.375,19.375,19.375
19.375,19.375,19.375
19.375,19.375,19.375
19.375,19.375,19.375
19.375,19.375,19.375
19.375,19.375,19.375
19.375,19.375,19.375
19.375,19.375,19.375
19.375,19.375,19.375
19.375,19.375,19.375
19.375,19.375,19.375
19.375,19.375,19.375
19.375,19.375,19.375
19.375,19.375,19.375
19.375,19.375,19.375
19.375,19.375,19.375
19.375,19.375,19.375
19.375,19.375,19.375
19.375,19.375,19.375
19.375,19.375,19.375
19.375,19.375,19.375
19.375,19.375,19.375
19.375,19.375,19.375
19.375,19.375,19.375
19.375,19.375,19.375
19.375,19.375,19.375
19.375,19.375,19.375
19.375,19.375,19.375
19.375,19.375,19.375
19.375,19.375,19.375
19.375,19.375,19.375
19.375,19.375,19.375
19.375,19.375,19.375
19.375,19.375,19.375
19.375,19.375,19.375
19.375,19.375,19.375
19.375,19.375,19.375
19.375,19.375,19.375
19.375,19.375,19.375
19.375,19.375,19.375
19.375,19.375,19.375
19.375,19.375,19.375
19.375,19.375,19.375
19.375,19.375,19.375
19.375,19.375,19.375
19.375,19.375,19.375
19.375,19.375,19.375
19.375,19.375,19.375
19.375,19.375,19.375
19.375,19.375,19.375
19.375,19.375,19.375
19.375,19.375,19.375
19.375,19.375,19.375
19.375,19.375,19.375
19.375,19.375,19.375
19.375,19.375,19.375
19.375,19.375,19.375
19.375,19.375,19.375
19.375,19.375,19.375
19.375,19.375,19.375
19.375,19.375,19.375
19.375,19.375,19.375
19.375,19.375,19.375
19.375,19.375,19.375
19.375,19.375,19.375
19.375,19.375,19.375
19.375,19.375,19.375
19.375,19.375,19.375
19.375,19.375,19.375
19.375,19.375,19.375
19.375,19.375,19.375
19.375,19.375,19.375
19.375,19.375,19.375
19.375,19.375,19.375
19.375,19.375,19.375
19.375,19.375,19.375
19.375,19.375,19.375
19.375,19.375,19.375
19.375,19.375,19.375
19.375,19.375,19.375
19.375,19.375,19.375
19.375,19.375,19.375
19.375,19.375,19.375
19.375,19.375,19.375
19.375,19.375,19.375
19.375,19.375,19.375
19.375,19.375,19.375
19.375,19.375,19.375
19.375,19.375,19.375
19.375,19.375,19.375
19.375,19.375,19.375
19.375,19.375,19.375
19.375,19.375,19.375
19.375,19.375,19.375
19.375,19.375,19.375
19.375,19.375,19.375
19.375,19.375,19.375
19.375,19.375,19.375
19.375,19.375,19.375
19.375,19.375,19.375
19.375,19.375,19.375
19.375,19.375,19.375
19.375,19.375,19.375
19.375,19.375,19.375
19.375,19.375,19.375
19.375,19.375,19.375
19.375,19.375,19.375
19.375,19.375,19.375
19.375,19.375,19.375
19.375,19.375,19.375
19.375,19.375,19.375
19.375,19.375,19.375
19.375,19.375,19.375
19.375,19.375,19.375
19.375,19.375,19.375
19.375,19.375,19.375
19.375,19.375,19.375
19.375,19.375,19.375
19.375,19.375,19.375
19.375,19.375,19.375
19.375,19.375,19.375
19.375,19.375,19.375
19.375,19.375,19.375
19.375,19.375,19.375
19.375,19.375,19.375
19.375,19.375,19.375
19.375,19.375,19.375
19.375,19.375,19.375
19.375,19.375,19.375
19.375,19.375,19.375
19.375,19.375,19.375
19.375,19.375,19.375
19.375,19.375,19.375
19.375,19.375,19.375
19.375,19.375,19.375
19.375,19.375,19.375
19.375,19.375,19.375
19.375,19.375,19.375
19.375,19.375,19.375
19.375,19.375,19.375
19.375,19.375,19.375
19.375,19.375,19.375
19.375,19.375,19.375
19.375,19.375,19.375
19.375,19.375,19.375
19.375,19.375,19.375
19.375,19.375,19.375
19.375,19.375,19.375
19.375,19.375,19.375
19.375,19.375,19.375
19.375,19.375,19.375
19.375,19.375,19.375
19.375,19.375,19.375
19.375,19.375,19.375
19.375,19.375,19.375
19.375,19.375,19.375
19.375,19.375,19.375
19.375,19.375,19.375
19.375,19.375,19.375
19.375,19.375,19.375
19.375,19.375,19.375
19.375,19.375,19.375
19.375,19.375,19.375
19.375,19.375,19.375
19.375,19.375,19.375
19.375,19.375,19.375
19.375,19.375,19.375
19.375,19.375,19.375
19.375,19.375,19.375
19.375,19.375,19.375
19.375,19.375,19.375
19.375,19.375,19.375
19.375,19.375,19.375
19.375,19.375,19.375
19.375,19.375,19.375
19.375,19.375,19.375
19.375,19.375,19.375
19.375,19.375,19.375
19.375,19.375,19.375
19.375,19.375,19.375
19.375,19.375,19.375
19.375,19.375,19.375
19.375,19.375,19.375
19.375,19.375,19.375
19.375,19.375,19.375
19.375,19.375,19.375
19.375,19.375,19.375
19.375,19.375,19.375
19.375,19.375,19.375
19.375,19.375,19.375
19.375,19.375,19.375
19.375,19.375,19.375
19.375,19.375,19.375
19.375,19.375,19.375
19.375,19.375,19.375
19.375,19.375,19.375
19.375,19.375,19.375
19.375,19.375,19.375
19.375,19.375,19.375
19.375,19.375,19.375
19.375,19.375,19.375
19.375,19.375,19.375
19.375,19.375,19.375
19.375,19.375,19.375
19.375,19.375,19.375
19.375,19.375,19.375
19.375,19.375,19.375
19.375,19.375,19.375
19.375,19.375,19.375
19.375,19.375,19.375
19.375,19.375,19.375
19.375,19.375,19.375
19.375,19.375,19.375
19.375,19.375,19.375
19.375,19.375,19.375
19.375,19.375,19.375
19.375,19.375,19.375
19.375,19.375,19.375
19.375,19.375,19.375
19.375,19.375,19.375
19.375,19.375,19.375
19.375,19.375,19.375
19.375,19.375,19.375
19.375,19.375,19.375
19.375,19.375,19.375
19.375,19.375,19.375
19.375,19.375,19.375
19.375,19.375,19.375
19.375,19.375,19.375
19.375,19.375,19.375
19.375,19.375,19.375
19.375,19.375,19.375
19.375,19.375,19.375
19.375,19.375,19.375
19.375,19.375,19.375
19.375,19.375,19.375
19.375,19.375,19.375
19.375,19.375,19.375
19.375,19.375,19.375
19.375,19.375,19.375
19.375,19.375,19.375
19.375,19.375,19.375
19.375,19.375,19.375
19.375,19.375,19.375
19.375,19.375,19.375
19.375,19.375,19.375
19.375,19.375,19.375
19.375,19.375,19.375
19.375,19.375,19.375
19.375,19.375,19.375
19.375,19.375,19.375
19.375,19.375,19.375
19.375,19.375,19.375
19.375,19.375,19.375
19.375,19.375,19.375
19.375,19.375,19.375
19.375,19.375,19.375
19.375,19.375,19.375
19.375,19.375,19.375
19.375,19.375,19.375
19.375,19.375,19.375
19.375,19.375,19.375
19.375,19.375,19.375
19.375,19.375,19.375
19.375,19.375,19.375
19.375,19.375,19.375
19.375,19.375,19.375
19.375,19.375,19.375
19.375,19.375,19.375
19.375,19.375,19.375
19.375,19.375,19.375
19.375,19.375,19.375
19.375,19.375,19.375
19.375,19.375,19.375
19.375,19.375,19.375
19.375,19.375,19.375
19.375,19.375,19.375
19.375,19.375,19.375
19.375,19.375,19.375
19.375,19.375,19.375
19.375,19.375,19.375
19.375,19.375,19.375
19.375,19.375,19.375
19.375,19.375,19.375
19.375,19.375,19.375
19.375,19.375,19.375
19.375,19.375,19.375
19.375,19.375,19.375
19.375,19.375,19.375
19.375,19.375,19.375
19.375,19.375,19.375
19.375,19.375,19.375
19.375,19.375,19.375
19.375,19.375,19.375
19.375,19.375,19.375
19.375,19.375,19.375
19.375,19.375,19.375
19.375,19.375,19.375
19.375,19.375,19.375
19.375,19.375,19.375
19.375,19.375,19.375
19.375,19.375,19.375
19.375,19.375,19.375
19.375,19.375,19.375
19.375,19.375,19.375
19.375,19.375,19.375
19.375,19.375,19.375
19.375,19.375,19.375
19.375,19.375,19.375
19.375,19.375,19.375
19.375,19.375,19.375
19.375,19.375,19.375
19.375,19.375,19.375
19.375,19.375,19.375
19.375,19.375,19.375
19.375,19.375,19.375
19.375,19.375,19.375
19.375,19.375,19.375
19.375,19.375,19.375
19.375,19.375,19.375
19.375,19.375,19.375
19.375,19.375,19.375
19.375,19.375,19.375
19.375,19.375,19.375
19.375,19.375,19.375
19.375,19.375,19.375
19.375,19.375,19.375
19.375,19.375,19.375
19.375,19.375,19.375
19.375,19.375,19.375
19.375,19.375,19.375
19.375,19.375,19.375
19.375,19.375,19.375
19.375,19.375,19.375
19.375,19.375,19.375
19.375,19.375,19.375
19.375,19.375,19.375
19.375,19.375,19.375
19.375,19.375,19.375
19.375,19.375,19.375
19.375,19.375,19.375
19.375,19.375,19.375
19.375,19.375,19.375
19.375,19.375,19.375
19.375,19.375,19.375
19.375,19.375,19.375
19.375,19.375,19.375
19.375,19.375,19.375
19.375,19.375,19.375
19.375,19.375,19.375
19.375,19.375,19.375
19.375,19.375,19.375
19.375,19.375,19.375
19.375,19.375,19.375
19.375,19.375,19.375
19.375,19.375,19.375
19.375,19.375,19.375
19.375,19.375,19.375
19.375,19.375,19.375
19.375,19.375,19.375
19.375,19.375,19.375
19.375,19.375,19.375
19.375,19.375,19.375
19.375,19.375,19.375
19.375,19.375,19.375
19.375,19.375,19.375
19.375,19.375,19.375
19.375,19.375,19.375
19.375,19.375,19.375
19.375,19.375,19.375
19.375,19.375,19.375
19.375,19.375,19.375
19.375,19.375,19.375
19.375,19.375,19.375
19.375,19.375,19.375
19.375,19.375,19.375
19.375,19.375,19.375
19.375,19.375,19.375
19.375,19.375,19.375
19.375,19.375,19.375
19.375,19.375,19.375
19.375,19.375,19.375
19.375,19.375,19.375
19.375,19.375,19.375
19.375,19.375,19.375
19.375,19.375,19.375
19.375,19.375,19.375
19.375,19.375,19.375
19.375,19.375,19.375
19.375,19.375,19.375
19.375,19.375,19.375
19.375,19.375,19.375
19.375,19.375,19.375
19.375,19.375,19.375
19.375,19.375,19.375
19.375,19.375,19.375
19.375,19.375,19.375
19.375,19.375,19.375
19.375,19.375,19.375
19.375,19.375,19.375
19.375,19.375,19.375
19.375,19.375,19.375
19.375,19.375,19.375
19.375,19.375,19.375
19.375,19.375,19.375
19.375,19.375,19.375
19.375,19.375,19.375
19.375,19.375,19.375
19.375,19.375,19.375
19.375,19.375,19.375
19.375,19.375,19.375
19.375,19.375,19.375
19.375,19.375,19.375
19.375,19.375,19.375
19.375,19.375,19.375
19.375,19.375,19.375
19.375,19.375,19.375
19.375,19.375,19.375
19.375,19.375,19.375
19.375,19.375,19.375
19.375,19.375,19.375
19.375,19.375,19.375
19.375,19.375,19.375
19.375,19.375,19.375
19.375,19.375,19.375
19.375,19.375,19.375
19.375,19.375,19.375
19.375,19.375,19.375
19.375,19.375,19.375
19.375,19.375,19.375
19.375,19.375,19.375
19.375,19.375,19.375
19.375,19.375,19.375
19.375,19.375,19.375
19.375,19.375,19.375
19.375,19.375,19.375
19.375,19.375,19.375
19.375,19.375,19.375
19.375,19.375,19.375
19.375,19.375,19.375
19.375,19.375,19.375
19.375,19.375,19.375
19.375,19.375,19.375
19.375,19.375,19.375
19.375,19.375,19.375
19.375,19.375,19.375
19.375,19.375,19.375
19.375,19.375,19.375
19.375,19.375,19.375
19.375,19.375,19.375
19.375,19.375,19.375
19.375,19.375,19.375
19.375,19.375,19.375
19.375,19.375,19.375
19.375,19.375,19.375
19.375,19.375,19.375
19.375,19.375,19.375
19.375,19.375,19.375
19.375,19.375,19.375
19.375,19.375,19.375
19.375,19.375,19.375
19.375,19.375,19.375
19.375,19.375,19.375
19.375,19.375,19.375
19.375,19.375,19.375
19.375,19.375,19.375
19.375,19.375,19.375
19.375,19.375,19.375
19.375,19.375,19.375
19.375,19.375,19.375
19.375,19.375,19.375
19.375,19.375,19.375
19.375,19.375,19.375
19.375,19.375,19.375
19.375,19.375,19.375
19.375,19.375,19.375
19.375,19.375,19.375
19.375,19.375,19.375
19.375,19.375,19.375
19.375,19.375,19.375
19.375,19.375,19.375
19.375,19.375,19.375
19.375,19.375,19.375
19.375,19.375,19.375
19.375,19.375,19.375
19.375,19.375,19.375
19.375,19.375,19.375
19.375,19.375,19.375
19.375,19.375,19.375
19.375,19.375,19.375
19.375,19.375,19.375
19.375,19.375,19.375
19.375,19.375,19.375
19.375,19.375,19.375
19.375,19.375,19.375
19.375,19.375,19.375
19.375,19.375,19.375
19.375,19.375,19.375
19.375,19.375,19.375
19.375,19.375,19.375
19.375,19.375,19.375
19.375,19.375,19.375
19.375,19.375,19.375
19.375,19.375,19.375
19.375,19.375,19.375
19.375,19.375,19.375
19.375,19.375,19.375
19.375,19.375,19.375
19.375,19.375,19.375
19.375,19.375,19.375
19.375,19.375,19.375
19.375,19.375,19.375
19.375,19.375,19.375
19.375,19.375,19.375
19.375,19.375,19.375
19.375,19.375,19.375
19.375,19.375,19.375
19.375,19.375,19.375
19.375,19.375,19.375
19.375,19.375,19.375
19.375,19.375,19.375
19.375,19.375,19.375
19.375,19.375,19.375
19.375,19.375,19.375
19.375,19.375,19.375
19.375,19.375,19.375
19.375,19.375,19.375
19.375,19.375,19.375
19.375,19.375,19.375
19.375,19.375,19.375
19.375,19.375,19.375
19.375,19.375,19.375
19.375,19.375,19.375
19.375,19.375,19.375
19.375,19.375,19.375
19.375,19.375,19.375
19.375,19.375,19.375
19.375,19.375,19.375
19.375,19.375,19.375
19.375,19.375,19.375
19.375,19.375,19.375
19.375,19.375,19.375
19.375,19.375,19.375
19.375,19.375,19.375
19.375,19.375,19.375
19.375,19.375,19.375
19.375,19.375,19.375
19.375,19.375,19.375
19.375,19.375,19.375
19.375,19.375,19.375
19.375,19.375,19.375
19.375,19.375,19.375
19.375,19.375,19.375
19.375,19.375,19.375
19.375,19.375,19.375
19.375,19.375,19.375
19.375,19.375,19.375
19.375,19.375,19.375
19.375,19.375,19.375
19.375,19.375,19.375
19.375,19.375,19.375
19.375,19.375,19.375
19.375,19.375,19.375
19.375,19.375,19.375
19.375,19.375,19.375
19.375,19.375,19.375
19.375,19.375,19.375
19.375,19.375,19.375
19.375,19.375,19.375
19.375,19.375,19.375
19.375,19.375,19.375
19.375,19.375,19.375
19.375,19.375,19.375
19.375,19.375,19.375
19.375,19.375,19.375
19.375,19.375,19.375
19.375,19.375,19.375
19.375,19.375,19.375
19.375,19.375,19.375
19.375,19.375,19.375
19.375,19.375,19.375
19.375,19.375,19.375
19.375,19.375,19.375
19.375,19.375,19.375
19.375,19.375,19.375
19.375,19.375,19.375
19.375,19.375,19.375
19.375,19.375,19.375
19.375,19.375,19.375
19.375,19.375,19.375
19.375,19.375,19.375
19.375,19.375,19.375
19.375,19.375,19.375
19.375,19.375,19.375
19.375,19.375,19.375
19.375,19.375,19.375
19.375,19.375,19.375
19.375,19.375,19.375
19.375,19.375,19.375
19.375,19.375,19.375
19.375,19.375,19.375
19.375,19.375,19.375
19.375,19.375,19.375
19.375,19.375,19.375
19.375,19.375,19.375
19.375,19.375,19.375
19.375,19.375,19.375
19.375,19.375,19.375
19.375,19.375,19.375
19.375,19.375,19.375
19.375,19.375,19.375
19.375,19.375,19.375
19.375,19.375,19.375
19.375,19.375,19.375
19.375,19.375,19.375
19.375,19.375,19.375
19.375,19.375,19.375
19.375,19.375,19.375
19.375,19.375,19.375
19.375,19.375,19.375
19.375,19.375,19.375
19.375,19.375,19.375
19.375,19.375,19.375
19.375,19.375,19.375
19.375,19.375,19.375
19.375,19.375,19.375
19.375,19.375,19.375
19.375,19.375,19.375
19.375,19.375,19.375
19.375,19.375,19.375
19.375,19.375,19.375
19.375,19.375,19.375
19.375,19.375,19.375
19.375,19.375,19.375
19.375,19.375,19.375
19.375,19.375,19.375
19.375,19.375,19.375
19.375,19.375,19.375
19.375,19.375,19.375
19.375,19.375,19.375
19.375,19.375,19.375
19.375,19.375,19.375
19.375,19.375,19.375
19.375,19.375,19.375
19.375,19.375,19.375
19.375,19.375,19.375
19.375,19.375,19.375
19.375,19.375,19.375
19.375,19.375,19.375
19.375,19.375,19.375
19.375,19.375,19.375
19.375,19.375,19.375
19.375,19.375,19.375
19.375,19.375,19.375
19.375,19.375,19.375
19.375,19.375,19.375
19.375,19.375,19.375
19.375,19.375,19.375
19.375,19.375,19.375
19.375,19.375,19.375
19.375,19.375,19.375
19.375,19.375,19.375
19.375,19.375,19.375
19.375,19.375,19.375
19.375,19.375,19.375
19.375,19.375,19.375
19.375,19.375,19.375
19.375,19.375,19.375
19.375,19.375,19.375
19.375,19.375,19.375
19.375,19.375,19.375
19.375,19.375,19.375
19.375,19.375,19.375
19.375,19.375,19.375
19.375,19.375,19.375
19.375,19.375,19.375
19.375,19.375,19.375
19.375,19.375,19.375
19.375,19.375,19.375
19.375,19.375,19.375
19.375,19.375,19.375
19.375,19.375,19.375
19.375,19.375,19.375
19.375,19.375,19.375
19.375,19.375,19.375
19.375,19.375,19.375
19.375,19.375,19.375
19.375,19.375,19.375
19.375,19.375,19.375
19.375,19.375,19.375
19.375,19.375,19.375
19.375,19.375,19.375
19.375,19.375,19.375
19.375,19.375,19.375
19.375,19.375,19.375
19.375,19.375,19.375
19.375,19.375,19.375
19.375,19.375,19.375
19.375,19.375,19.375
19.375,19.375,19.375
19.375,19.375,19.375
19.375,19.375,19.375
19.375,19.375,19.375
19.375,19.375,19.375
19.375,19.375,19.375
19.375,19.375,19.375
19.375,19.375,19.375
19.375,19.375,19.375
19.375,19.375,19.375
19.375,19.375,19.375
19.375,19.375,19.375
19.375,19.375,19.375
19.375,19.375,19.375
19.375,19.375,19.375
19.375,19.375,19.375
19.375,19.375,19.375
19.375,19.375,19.375
19.375,19.375,19.375
19.375,19.375,19.375
19.375,19.375,19.375
19.375,19.375,19.375
19.375,19.375,19.375
19.375,19.375,19.375
19.375,19.375,19.375
19.375,19.375,19.375
19.375,19.375,19.375
19.375,19.375,19.375
19.375,19.375,19.375
19.375,19.375,19.375
19.375,19.375,19.375
19.375,19.375,19.375
19.375,19.375,19.375
19.375,19.375,19.375
19.375,19.375,19.375
19.375,19.375,19.375
19.375,19.375,19.375
19.375,19.375,19.375
19.375,19.375,19.375
19.375,19.375,19.375
19.375,19.375,19.375
19.375,19.375,19.375
19.375,19.375,19.375
19.375,19.375,19.375
19.375,19.375,19.375
19.375,19.375,19.375
19.375,19.375,19.375
19.375,19.375,19.375
19.375,19.375,19.375
19.375,19.375,19.375
19.375,19.375,19.375
19.375,19.375,19.375
19.375,19.375,19.375
19.375,19.375,19.375
19.375,19.375,19.375
19.375,19.375,19.375
19.375,19.375,19.375
19.375,19.375,19.375
19.375,19.375,19.375
19.375,19.375,19.375
19.375,19.375,19.375
19.375,19.375,19.375
19.375,19.375,19.375
19.375,19.375,19.375
19.375,19.375,19.375
19.375,19.375,19.375
19.375,19.375,19.375
19.375,19.375,19.375
19.375,19.375,19.375
19.375,19.375,19.375
19.375,19.375,19.375
19.375,19.375,19.375
19.375,19.375,19.375
19.375,19.375,19.375
19.375,19.375,19.375
19.375,19.375,19.375
19.375,19.375,19.375
19.375,19.375,19.375
19.375,19.375,19.375
19.375,19.375,19.375
19.375,19.375,19.375
19.375,19.375,19.375
19.375,19.375,19.375
19.375,19.375,19.375
19.375,19.375,19.375
19.375,19.375,19.375
19.375,19.375,19.375
19.375,19.375,19.375
19.375,19.375,19.375
19.375,19.375,19.375
19.375,19.375,19.375
19.375,19.375,19.375
19.375,19.375,19.375
19.375,19.375,19.375
19.375,19.375,19.375
19.375,19.375,19.375
19.375,19.375,19.375
19.375,19.375,19.375
19.375,19.375,19.375
19.375,19.375,19.375
19.375,19.375,19.375
19.375,19.375,19.375
19.375,19.375,19.375
19.375,19.375,19.375
19.375,19.375,19.375
19.375,19.375,19.375
19.375,19.375,19.375
19.375,19.375,19.375
19.375,19.375,19.375
19.375,19.375,19.375
19.375,19.375,19.375
19.375,19.375,19.375
19.375,19.375,19.375
19.375,19.375,19.375
19.375,19.375,19.375
19.375,19.375,19.375
19.375,19.375,19.375
19.375,19.375,19.375
19.375,19.375,19.375
19.375,19.375,19.375
19.375,19.375,19.375
19.375,19.375,19.375
19.375,19.375,19.375
19.375,19.375,19.375
19.375,19.375,19.375
19.375,19.375,19.375
19.375,19.375,19.375
19.375,19.375,19.375
19.375,19.375,19.375
19.375,19.375,19.375
19.375,19.375,19.375
19.375,19.375,19.375
19.375,19.375,19.375
19.375,19.375,19.375
19.375,19.375,19.375
19.375,19.375,19.375
19.375,19.375,19.375
19.375,19.375,19.375
19.375,19.375,19.375
19.375,19.375,19.375
19.375,19.375,19.375
19.375,19.375,19.375
19.375,19.375,19.375
19.375,19.375,19.375
19.375,19.375,19.375
19.375,19.375,19.375
19.375,19.375,19.375
19.375,19.375,19.375
19.375,19.375,19.375
19.375,19.375,19.375
19.375,19.375,19.375
19.375,19.375,19.375
19.375,19.375,19.375
19.375,19.375,19.375
19.375,19.375,19.375
19.375,19.375,19.375
19.375,19.375,19.375
19.375,19.375,19.375
19.375,19.375,19.375
19.375,19.375,19.375
19.375,19.375,19.375
19.375,19.375,19.375
19.375,19.375,19.375
19.375,19.375,19.375
19.375,19.375,19.375
19.375,19.375,19.375
19.375,19.375,19.375
19.375,19.375,19.375
19.375,19.375,19.375
19.375,19.375,19.375
19.375,19.375,19.375
19.375,19.375,19.375
19.375,19.375,19.375
19.375,19.375,19.375
19.375,19.375,19.375
19.375,19.375,19.375
19.375,19.375,19.375
19.375,19.375,19.375
19.375,19.375,19.375
19.375,19.375,19.375
19.375,19.375,19.375
19.375,19.375,19.375
19.375,19.375,19.375
19.375,19.375,19.375
19.375,19.375,19.375
19.375,19.375,19.375
19.375,19.375,19.375
19.375,19.375,19.375
19.375,19.375,19.375
19.375,19.375,19.375
19.375,19.375,19.375
19.375,19.375,19.375
19.375,19.375,19.375
19.375,19.375,19.375
19.375,19.375,19.375
19.375,19.375,19.375
19.375,19.375,19.375
19.375,19.375,19.375
19.375,19.375,19.375
19.375,19.375,19.375
19.375,19.375,19.375
19.375,19.375,19.375
19.375,19.375,19.375
19.375,19.375,19.375
19.375,19.375,19.375
19.375,19.375,19.375
19.375,19.375,19.375
19.375,19.375,19.375
19.375,19.375,19.375
19.375,19.375,19.375
19.375,19.375,19.375
19.375,19.375,19.375
19.375,19.375,19.375
19.375,19.375,19.375
19.375,19.375,19.375
19.375,19.375,19.375
19.375,19.375,19.375
19.375,19.375,19.375
19.375,19.375,19.375
19.375,19.375,19.375
19.375,19.375,19.375
19.375,19.375,19.375
19.375,19.375,19.375
19.375,19.375,19.375
19.375,19.375,19.375
19.375,19.375,19.375
19.375,19.375,19.375
19.375,19.375,19.375
19.375,19.375,19.375
19.375,19.375,19.375
19.375,19.375,19.375
19.375,19.375,14.625
19.375,19.375,14.625
19.375,19.375,14.625
19.375,19.375,14.625
19.375,19.375,14.625
19.375,19.375,14.625
19.375,19.375,14.625
19.375,19.375,14.625
19.375,19.375,14.625
19.375,19.375,14.625
19.375,19.375,14.625
19.375,19.375,14.625
19.375,19.375,14.625
19.375,19.375,14.625
19.375,19.375,14.625
19.375,19.375,14.625
19.375,19.375,14.625
19.375,19.375,14.625
19.375,19.375,14.625
19.375,19.375,14.625
19.375,19.375,14.625
19.375,19.375,14.625
19.375,19.375,14.625
19.375,19.375,14.625
19.375,19.375,14.625
19.375,19.375,14.625
19.375,19.375,14.625
19.375,19.375,14.625
19.375,19.375,14.625
19.375,19.375,14.625
19.375,19.375,14.625
19.375,19.375,14.625
19.375,19.375,14.625
19.375,19.375,14.625
19.375,19.375,14.625
19.375,19.375,14.625
19.375,19.375,14.625
19.375,19.375,14.625
19.375,19.375,14.625
19.375,19.375,14.625
19.375,19.375,14.625
19.375,19.375,14.625
19.375,19.375,14.625
19.375,19.375,14.625
19.375,19.375,14.625
19.375,19.375,14.625
19.375,19.375,14.625
19.375,19.375,14.625
19.375,19.375,14.625
19.375,19.375,14.625
19.375,19.375,14.625
19.375,19.375,14.625
19.375,19.375,14.625
19.375,19.375,14.625
19.375,19.375,14.625
19.375,19.375,14.625
19.375,19.375,14.625
19.375,19.375,14.625
19.375,19.375,14.625
19.375,19.375,14.625
19.375,19.375,14.625
19.375,19.375,14.625
19.375,19.375,14.625
19.375,19.375,14.625
19.375,19.375,14.625
19.375,19.375,14.625
19.375,19.375,14.625
19.375,19.375,14.625
19.375,19.375,14.625
19.375,19.375,14.625
19.375,19.375,14.625
19.375,19.375,14.625
19.375,19.375,14.625
19.375,19.375,14.625
19.375,19.375,14.625
19.375,19.375,14.625
19.375,19.375,14.625
19.375,19.375,14.625
19.375,19.375,14.625
19.375,19.375,14.625
19.375,19.375,14.625
19.375,19.375,14.625
19.375,19.375,14.625
19.375,19.375,14.625
19.375,19.375,14.625
19.375,19.375,14.625
19.375,19.375,14.625
19.375,19.375,14.625
19.375,19.375,14.625
19.375,19.375,14.625
19.375,19.375,14.625
19.375,19.375,14.625
19.375,19.375,14.625
19.375,19.375,14.625
19.375,19.375,14.625
19.375,19.375,14.625
19.375,19.375,14.625
19.375,19.375,14.625
19.375,19.375,14.625
19.375,19.375,14.625
19.375,19.375,14.625
19.375,19.375,14.625
19.375,19.375,14.625
19.375,19.375,14.625
19.375,19.375,14.625
19.375,19.375,14.625
19.375,19.375,14.625
19.375,19.375,14.625
19.375,19.375,14.625
19.375,19.375,14.625
19.375,19.375,14.625
19.375,19.375,14.625
19.375,19.375,14.625
19.375,19.375,14.625
19.375,19.375,14.625
19.375,19.375,14.625
19.375,19.375,14.625
19.375,19.375,14.625
19.375,19.375,14.625
19.375,19.375,14.625
19.375,19.375,14.625
19.375,19.375,14.625
19.375,19.375,14.625
19.375,19.375,14.625
19.375,19.375,14.625
19.375,19.375,14.625
19.375,19.375,14.625
19.375,19.375,14.625
19.375,19.375,14.625
19.375,19.375,14.625
19.375,19.375,14.625
19.375,19.375,14.625
19.375,19.375,14.625
19.375,19.375,14.625
19.375,19.375,14.625
19.375,19.375,14.625
19.375,19.375,14.625
19.375,19.375,14.625
19.375,19.375,14.625
19.375,19.375,14.625
19.375,19.375,14.625
19.375,19.375,14.625
19.375,19.375,14.625
19.375,19.375,14.625
19.375,19.375,14.625
19.375,19.375,14.625
19.375,19.375,14.625
19.375,19.375,14.625
19.375,19.375,14.625
19.375,19.375,14.625
19.375,19.375,14.625
19.375,19.375,14.625
19.375,19.375,14.625
19.375,19.375,14.625
19.375,19.375,14.625
19.375,19.375,14.625
19.375,19.375,14.625
19.375,19.375,14.625
19.375,19.375,14.625
19.375,19.375,14.625
19.375,19.375,14.625
19.375,19.375,14.625
19.375,19.375,14.625
19.375,19.375,14.625
19.375,19.375,14.625
19.375,19.375,14.625
19.375,19.375,14.625
19.375,19.375,14.625
19.375,19.375,14.625
19.375,19.375,14.625
19.375,19.375,14.625
19.375,19.375,14.625
19.375,19.375,14.625
19.375,19.375,14.625
19.375,19.375,14.625
19.375,19.375,14.625
19.375,19.375,14.625
19.375,19.375,14.625
19.375,19.375,14.625
19.375,19.375,14.625
19.375,19.375,14.625
19.375,19.375,14.625
19.375,19.375,14.625
19.375,19.375,14.625
19.375,19.375,14.625
19.375,19.375,14.625
19.375,19.375,14.625
19.375,19.375,14.625
19.375,19.375,14.625
19.375,19.375,14.625
19.375,19.375,14.625
19.375,19.375,14.625
19.375,19.375,14.625
19.375,19.375,14.625
19.375,19.375,14.625
19.375,19.375,14.625
19.375,19.375,14.625
19.375,19.375,14.625
19.375,19.375,14.625
19.375,19.375,14.625
19.375,19.375,14.625
19.375,19.375,14.625
19.375,19.375,14.625
19.375,19.375,14.625
19.375,19.375,14.625
19.375,19.375,14.625
19.375,19.375,14.625
19.375,19.375,14.625
19.375,19.375,14.625
19.375,19.375,14.625
19.375,19.375,14.625
19.375,19.375,14.625
19.375,19.375,14.625
19.375,19.375,14.625
19.375,19.375,14.625
19.375,19.375,14.625
19.375,19.375,14.625
19.375,19.375,14.625
19.375,19.375,14.625
19.375,19.375,14.625
19.375,19.375,14.625
19.375,19.375,14.625
19.375,19.375,14.625
19.375,19.375,14.625
19.375,19.375,14.625
19.375,19.375,14.625
19.375,19.375,14.625
19.375,19.375,14.625
19.375,19.375,14.625
19.375,19.375,14.625
19.375,19.375,14.625
19.375,19.375,14.625
19.375,19.375,14.625
19.375,17.5,14.625
19.375,15.625,14.625
19.375,15.875,14.625
19.375,15.875,14.625
19.375,15.875,14.625
19.375,15.875,14.625
19.375,15.875,14.625
19.375,15.875,14.625
19.375,15.875,14.625
19.375,15.875,14.625
19.375,15.875,14.625
19.375,15.875,14.625
19.375,15.875,14.625
19.375,15.875,14.625
19.375,15.875,14.625
19.375,15.875,14.625
19.375,15.875,14.625
19.375,15.875,14.625
19.375,15.875,14.625
19.375,15.875,14.625
19.375,15.875,14.625
19.375,15.875,14.625
19.375,15.875,14.625
19.375,15.875,14.625
19.375,15.875,14.625
19.375,15.875,14.625
19.375,15.875,14.625
19.375,15.875,14.625
19.375,15.875,14.625
19.375,15.875,14.625
19.375,15.875,14.625
19.375,15.875,14.625
19.375,15.875,14.625
19.375,15.875,14.625
19.375,15.875,14.625
19.375,15.875,14.625
19.375,15.875,14.625
19.375,15.875,14.625
19.375,15.875,14.625
19.375,15.875,14.625
19.375,15.875,14.625
19.375,15.875,14.625
19.375,15.875,14.625
19.375,15.875,14.625
19.375,15.875,14.625
19.375,15.875,14.625
19.375,15.875,14.625
19.375,15.875,14.625
19.375,15.875,14.625
19.375,15.875,14.625
19.375,15.875,14.625
19.375,15.875,14.625
19.375,15.875,14.625
19.375,15.875,14.625
19.375,15.875,14.625
19.375,15.875,14.625
19.375,15.875,14.625
19.375,15.875,14.625
19.375,15.875,14.625
19.375,15.875,14.625
19.375,15.875,14.625
19.375,15.875,14.625
19.375,15.875,14.625
19.375,15.875,14.625
19.375,15.875,14.625
19.375,15.875,14.625
19.375,15.875,14.625
19.375,15.875,14.625
19.375,15.875,14.625
19.375,15.875,14.625
19.375,15.875,14.625
19.375,15.875,14.625
19.375,15.875,14.625
19.375,15.875,14.625
19.375,15.875,14.625
19.375,15.875,14.625
19.375,15.875,14.625
19.375,15.875,14.625
19.375,15.875,14.625
19.375,15.875,14.625
19.375,15.875,14.625
19.375,15.875,14.625
19.375,15.875,14.625
19.375,15.875,14.625
19.375,15.875,14.625
19.375,15.875,14.625
19.375,15.875,14.625
19.375,15.875,14.625
19.375,15.875,14.625
19.375,15.875,14.625
19.375,15.875,14.625
19.375,15.875,14.625
19.375,15.875,14.625
19.375,15.875,14.625
19.375,15.875,14.625
19.375,15.875,14.625
19.375,15.875,14.625
19.375,15.875,14.625
19.375,15.875,14.625
19.375,15.875,14.625
19.375,15.875,14.625
19.375,15.875,14.625
19.375,15.875,14.625
19.375,15.875,14.625
19.375,15.875,14.625
19.375,15.875,14.625
19.375,15.875,14.625
19.375,15.875,14.625
19.375,15.875,14.625
19.375,15.875,14.625
19.375,15.875,14.625
19.375,15.875,14.625
19.375,15.875,14.625
19.375,15.875,14.625
19.375,15.875,14.625
19.375,15.875,14.625
19.375,15.875,14.625
19.375,15.875,14.625
19.375,15.875,14.625
19.375,15.875,14.625
19.375,15.875,14.625
19.375,15.875,14.625
19.375,15.875,14.625
19.375,15.875,14.625
19.375,15.875,14.625
19.375,15.875,14.625
19.375,15.875,14.625
19.375,15.875,14.625
19.375,15.875,14.625
19.375,15.875,14.625
19.375,15.875,14.625
19.375,15.875,14.625
19.375,15.875,14.625
19.375,15.875,14.625
19.375,15.875,14.625
19.375,15.875,14.625
19.375,15.875,14.625
19.375,15.875,14.625
19.375,15.875,14.625
19.375,15.875,14.625
19.375,15.875,14.625
19.375,15.875,14.625
19.375,15.875,14.625
19.375,15.875,14.625
19.375,15.875,14.625
19.375,15.875,14.625
19.375,15.875,14.625
19.375,15.875,14.625
19.375,15.875,14.625
19.375,15.875,14.625
19.375,15.875,14.625
19.375,15.875,14.625
19.375,15.875,14.625
19.375,15.875,14.625
19.375,15.875,14.625
19.375,15.875,14.625
19.375,15.875,14.625
19.375,15.875,14.625
19.375,15.875,14.625
19.375,15.875,14.625
19.375,15.875,14.625
19.375,15.875,14.625
19.375,15.875,14.625
19.375,15.875,14.625
19.375,15.875,14.625
19.375,15.875,14.625
19.375,15.875,14.625
19.375,15.875,14.625
19.375,15.875,14.625
19.375,15.875,14.625
19.375,15.875,14.625
19.375,15.875,14.625
19.375,15.875,14.625
19.375,15.875,14.625
19.375,15.875,14.625
19.375,15.875,14.625
19.375,15.875,14.625
19.375,15.875,14.625
19.375,15.875,14.625
19.375,15.875,14.625
19.375,15.875,14.625
19.375,15.875,14.625
19.375,15.875,14.625
19.375,15.875,14.625
19.375,15.875,14.625
19.375,15.875,14.625
19.375,15.875,14.625
19.375,15.875,14.625
19.375,15.875,14.625
19.375,15.875,14.625
19.375,15.875,14.625
19.375,15.875,14.625
19.375,15.875,14.625
19.375,15.875,14.625
19.375,15.875,14.625
19.375,15.875,14.625
19.375,15.875,14.625
19.375,15.875,14.625
19.375,15.875,14.625
19.375,15.875,14.625
19.375,15.875,14.625
19.375,15.875,14.625
19.375,15.875,14.625
19.375,15.875,14.625
19.375,15.875,14.625
19.375,15.875,14.625
19.375,15.875,14.625
19.375,15.875,14.625
19.375,15.875,14.625
19.375,15.875,14.625
19.375,15.875,14.625
19.375,15.875,14.625
19.375,15.875,14.625
19.375,15.875,14.625
19.375,15.875,14.625
19.375,15.875,14.625
19.375,15.875,14.625
19.375,15.875,14.625
19.375,15.875,14.625
19.375,15.875,14.625
19.375,15.875,14.625
19.375,15.875,14.625
19.375,15.875,14.625
19.375,15.875,14.625
19.375,15.875,14.625
19.375,15.875,14.625
19.375,15.875,14.625
19.375,15.875,14.625
19.375,15.875,14.625
19.375,15.875,14.625
19.375,15.875,14.625
19.375,15.875,14.625
19.375,15.875,14.625
19.375,15.875,14.625
19.375,15.875,14.625
19.375,15.875,14.625
19.375,15.875,14.625
19.375,15.875,14.625
19.375,15.875,14.625
19.375,15.875,14.625
19.375,15.875,14.625
19.375,15.875,14.625
19.375,15.875,14.625
19.375,15.875,14.625
19.375,15.875,14.625
19.375,15.875,14.625
19.375,15.875,14.625
19.375,15.875,14.625
19.375,15.875,14.625
19.375,15.875,14.625
19.375,15.875,14.625
19.375,15.875,14.625
19.375,15.875,14.625
19.375,15.875,14.625
19.375,15.875,14.625
19.375,15.875,14.625
19.375,15.875,14.625
19.375,15.875,14.625
19.375,15.875,14.625
19.375,15.875,14.625
19.375,15.875,14.625
19.375,15.875,14.625
19.375,15.875,14.625
19.375,15.875,14.625
19.375,15.875,14.625
19.375,15.875,14.625
19.375,15.875,14.625
19.375,15.875,14.625
19.375,15.875,14.625
19.375,15.875,14.625
19.375,15.875,14.625
19.375,15.875,14.625
19.375,15.875,14.625
19.375,15.875,14.625
19.375,15.875,14.625
19.375,15.875,14.625
19.375,15.875,14.625
19.375,15.875,14.625
19.375,15.875,14.625
19.375,15.875,14.625
19.375,15.875,14.625
19.375,15.875,14.625
19.375,15.875,14.625
19.375,15.875,14.625
19.375,15.875,14.625
19.375,15.875,14.625
19.375,15.875,14.625
19.375,15.875,14.625
19.375,15.875,14.625
19.375,15.875,14.625
19.375,15.875,14.625
19.375,15.875,14.625
19.375,15.875,14.625
19.375,15.875,14.625
19.375,15.875,14.625
19.375,15.875,14.625
19.375,15.875,14.625
19.375,15.875,14.625
19.375,15.875,14.625
19.375,15.875,14.625
19.375,15.875,14.625
19.375,15.875,14.625
19.375,15.875,14.625
19.375,15.875,14.625
19.375,15.875,14.625
19.375,15.875,14.625
19.375,15.875,14.625
19.375,15.875,14.625
19.375,15.875,14.625
19.375,15.875,14.625
19.375,15.875,14.625
19.375,15.875,14.625
19.375,15.875,14.625
19.375,15.875,14.625
19.375,15.875,14.625
19.375,15.875,14.625
19.375,15.875,14.625
19.375,15.875,14.625
19.375,15.875,14.625
19.375,15.875,14.625
19.375,15.875,14.625
19.375,15.875,14.625
19.375,15.875,14.625
19.375,15.875,14.625
19.375,15.875,14.625
19.375,15.875,14.625
19.375,15.875,14.625
19.375,15.875,14.625
19.375,15.875,14.625
19.375,15.875,14.625
19.375,15.875,14.625
19.375,15.875,14.625
19.375,15.875,14.625
19.375,15.875,14.625
19.375,15.875,14.625
19.375,15.875,14.625
19.375,15.875,14.625
19.375,15.875,14.625
19.375,15.875,14.625
19.375,15.875,14.625
19.375,15.875,14.625
19.375,15.875,14.625
19.375,15.875,14.625
19.375,15.875,14.625
19.375,15.875,14.625
19.375,15.875,14.625
19.375,15.875,14.625
19.375,15.875,14.625
19.375,15.875,14.625
19.375,15.875,14.625
19.375,15.875,14.625
19.375,15.875,14.625
19.375,15.875,14.625
19.375,15.875,14.625
19.375,15.875,14.625
19.375,15.875,14.625
19.375,15.875,14.625
19.375,15.875,14.625
19.375,15.875,14.625
19.375,15.875,14.625
19.375,15.875,14.625
19.375,15.875,14.625
19.375,15.875,14.625
19.375,15.875,14.625
19.375,15.875,14.625
19.375,15.875,14.625
19.375,15.875,14.625
19.375,15.875,14.625
19.375,15.875,14.625
19.375,14.0,21.575705607775383
19.375,13.5,15.375
19.375,14.25,15.375
19.375,14.625,15.375
19.375,14.625,15.375
19.375,14.625,15.375
19.375,14.625,15.375
19.375,14.625,15.375
19.375,14.625,15.375
19.375,14.625,15.375
19.375,14.625,15.375
19.375,14.625,15.375
19.375,14.625,15.375
19.375,14.625,15.375
19.375,14.625,15.375
19.375,14.625,15.375
19.375,14.625,15.375
19.375,14.625,15.375
19.375,14.625,15.375
19.375,14.625,15.375
19.375,14.625,15.375
19.375,14.625,15.375
19.375,14.625,15.375
19.375,14.625,15.375
19.375,14.625,15.375
19.375,14.625,15.375
19.375,14.625,15.375
19.375,14.625,15.375
19.375,14.625,15.375
19.375,14.625,15.375
19.375,14.625,15.375
19.375,14.625,15.375
19.375,14.625,15.375
19.375,14.625,15.375
19.375,14.625,15.375
19.375,14.625,15.375
19.375,14.625,15.375
19.375,14.625,15.375
19.375,14.625,15.375
19.375,14.625,15.375
19.375,14.625,15.375
19.375,14.625,15.375
19.375,14.625,15.375
19.375,14.625,15.375
19.375,14.625,15.375
19.375,14.625,15.375
19.375,14.625,15.375
19.375,14.625,15.375
19.375,14.625,15.375
19.375,14.625,15.375
19.375,14.625,15.375
19.375,14.625,15.375
19.375,14.625,15.375
19.375,14.625,15.375
19.375,14.625,15.375
19.375,14.625,15.375
19.375,14.625,15.375
19.375,14.625,15.375
19.375,14.625,15.375
19.375,14.625,15.375
19.375,14.625,15.375
19.375,14.625,15.375
19.375,14.625,15.375
19.375,14.625,15.375
19.375,14.625,15.375
19.375,14.625,15.375
19.375,14.625,15.375
19.375,14.625,15.375
19.375,14.625,15.375
19.375,14.625,15.375
19.375,14.625,15.375
19.375,14.625,15.375
19.375,14.625,15.375
19.375,14.625,15.375
19.375,14.625,15.375
19.375,14.625,15.375
19.375,14.625,15.375
19.375,14.625,15.375
19.375,14.625,15.375
19.375,14.625,15.375
19.375,14.625,15.375
19.375,14.625,15.375
19.375,14.625,15.375
19.375,14.625,15.375
19.375,14.625,15.375
19.375,14.625,15.375
19.375,14.625,15.375
19.375,14.625,15.375
19.375,14.625,15.375
19.375,14.625,15.375
19.375,14.625,15.375
19.375,14.625,15.375
19.375,14.625,15.375
19.375,14.625,15.375
19.375,14.625,15.375
19.375,14.625,15.375
19.375,14.625,15.375
19.375,14.625,15.375
19.375,14.625,15.375
19.375,14.625,15.375
19.375,14.625,15.375
19.375,14.625,15.375
19.375,14.625,15.375
19.375,14.625,15.375
19.375,14.625,15.375
19.375,14.625,15.375
19.375,14.625,15.375
19.375,14.625,15.375
19.375,14.625,15.375
19.375,14.625,15.375
19.375,14.625,15.375
19.375,14.625,15.375
19.375,14.625,15.375
19.375,14.625,15.375
19.375,14.625,15.375
19.375,14.625,15.375
19.375,14.625,15.375
19.375,14.625,15.375
19.375,14.625,15.375
19.375,14.625,15.375
19.375,14.625,15.375
19.375,14.625,15.375
19.375,14.625,15.375
19.375,14.625,15.375
19.375,14.625,15.375
19.375,14.625,15.375
19.375,14.625,15.375
19.375,14.625,15.375
19.375,14.625,15.375
19.375,14.625,15.375
19.375,14.625,15.375
19.375,14.625,15.375
19.375,14.625,15.375
19.375,14.625,15.375
19.375,14.625,15.375
19.375,14.625,15.375
19.375,14.625,15.375
19.375,14.625,15.375
19.375,14.625,15.375
19.375,14.625,15.375
19.375,14.625,15.375
19.375,14.625,15.375
19.375,14.625,15.375
19.375,14.625,15.375
19.375,14.625,15.375
19.375,14.625,15.375
19.375,14.625,15.375
19.375,14.625,15.375
19.375,14.625,15.375
19.375,14.625,15.375
19.375,14.625,15.375
19.375,14.625,15.375
19.375,14.625,15.375
19.375,14.625,15.375
19.375,14.625,15.375
19.375,14.625,15.375
19.375,14.625,15.375
19.375,14.625,15.375
19.375,14.625,15.375
19.375,14.625,15.375
19.375,14.625,15.375
19.375,14.625,15.375
19.375,14.625,15.375
19.375,14.625,15.375
19.375,14.625,15.375
19.375,14.625,15.375
19.375,14.625,15.375
19.375,14.625,15.375
19.375,14.625,15.375
19.375,14.625,15.375
19.375,14.625,15.375
19.375,14.625,15.375
19.375,14.625,15.375
19.375,14.625,15.375
19.375,14.625,15.375
19.375,14.625,15.375
19.375,14.625,15.375
19.375,14.625,15.375
19.375,14.625,15.375
19.375,14.625,15.375
19.375,14.625,15.375
19.375,14.625,15.375
19.375,14.625,15.375
19.375,14.625,15.375
19.375,14.625,15.375
19.375,14.625,15.375
19.375,14.625,15.375
19.375,14.625,15.375
19.375,14.625,15.375
19.375,14.625,15.375
19.375,14.625,15.375
19.375,14.625,15.375
19.375,14.625,15.375
19.375,14.625,15.375
19.375,14.625,15.375
19.375,14.625,15.375
19.375,14.625,15.375
19.375,14.625,15.375
19.375,14.625,15.375
19.375,14.625,15.375
19.375,14.625,15.375
19.375,14.625,15.375
19.375,14.625,15.375
19.375,14.625,15.375
19.375,14.625,15.375
19.375,14.625,15.375
19.375,14.625,15.375
19.375,14.625,15.375
19.375,14.625,15.375
19.375,14.625,15.375
19.375,14.625,15.375
19.375,14.625,15.375
19.375,14.625,15.375
19.375,14.625,15.375
19.375,14.625,15.375
19.375,14.625,15.375
19.375,14.625,15.375
19.375,14.625,15.375
19.375,14.625,15.375
19.375,14.625,15.375
19.375,14.625,15.375
19.375,14.625,15.375
19.375,14.625,15.375
19.375,14.625,15.375
19.375,14.625,15.375
19.375,14.625,15.375
19.375,14.625,15.375
19.375,14.625,15.375
19.375,14.625,15.375
19.375,14.625,15.375
19.375,14.625,15.375
19.375,14.625,15.375
19.375,14.625,15.375
19.375,14.625,15.375
19.375,14.625,15.375
19.375,14.625,15.375
19.375,14.625,15.375
19.375,14.625,15.375
19.375,14.625,15.375
19.375,14.625,15.375
19.375,14.625,15.375
19.375,14.625,15.375
19.375,14.625,15.375
19.375,14.625,15.375
19.375,14.625,15.375
19.375,14.625,15.375
19.375,14.625,15.375
19.375,14.625,15.375
19.375,14.625,15.375
19.375,14.625,15.375
19.375,14.625,15.375
19.375,14.625,15.375
19.375,14.625,15.375
19.375,14.625,15.375
19.375,14.625,15.375
19.375,14.625,15.375
19.375,14.625,15.375
19.375,14.625,15.375
19.375,14.625,15.375
19.375,14.625,15.375
19.375,14.625,15.375
19.375,14.625,15.375
19.375,14.625,15.375
19.375,14.625,15.375
19.375,14.625,15.375
19.375,14.625,15.375
19.375,14.625,15.375
19.375,14.625,15.375
19.375,14.625,15.375
19.375,14.625,15.375
19.375,14.625,15.375
19.375,14.625,15.375
19.375,14.625,15.375
19.375,14.625,15.375
19.375,14.625,15.375
19.375,14.625,15.375
19.375,14.625,15.375
19.375,14.625,15.375
19.375,14.625,15.375
19.375,14.625,15.375
19.375,14.625,15.375
19.375,14.625,15.375
19.375,14.625,15.375
19.375,14.625,15.375
19.375,14.625,15.375
19.375,14.625,15.375
19.375,14.625,15.375
19.375,14.625,15.375
19.375,14.625,15.375
19.375,14.625,15.375
19.375,14.625,15.375
19.375,14.625,15.375
19.375,14.625,15.375
19.375,14.625,15.375
19.375,14.625,15.375
19.375,14.625,15.375
19.375,14.625,15.375
19.375,14.625,15.375
19.375,14.625,15.375
19.375,14.625,15.375
19.375,14.625,15.375
19.375,14.625,15.375
19.375,14.625,15.375
19.375,14.625,15.375
19.375,14.625,15.375
19.375,14.625,15.375
19.375,14.625,15.375
19.375,14.625,15.375
19.375,14.625,15.375
19.375,14.625,15.375
19.375,14.625,15.375
19.375,14.625,15.375
19.375,14.625,15.375
19.375,14.625,15.375
19.375,14.625,15.375
19.375,14.625,15.375
19.375,14.625,15.375
19.375,14.625,15.375
19.375,14.625,15.375
19.375,14.625,15.375
19.375,14.625,15.375
19.375,14.625,15.375
19.375,14.625,15.375
19.375,14.625,15.375
19.375,14.625,15.375
19.375,14.625,15.375
19.375,14.625,15.375
19.375,14.625,15.375
19.375,14.625,15.375
19.375,14.625,15.375
19.375,14.625,15.375
19.375,14.625,15.375
19.375,14.625,15.375
19.375,14.625,15.375
19.375,14.625,15.375
19.375,14.625,15.375
19.375,14.625,15.375
19.375,14.625,15.375
19.375,14.625,15.375
19.375,14.625,15.375
19.375,14.625,15.375
19.375,14.625,15.375
19.375,14.625,15.375
19.375,14.625,15.375
19.375,14.625,15.375
19.375,14.625,15.375
19.375,14.625,15.375
19.375,14.625,15.375
19.375,14.625,15.375
19.375,14.625,15.375
19.375,14.625,15.375
19.375,14.625,15.375
19.375,14.625,15.375
19.375,14.625,15.375
19.375,14.625,15.375
19.375,14.625,15.375
19.375,14.625,15.375
19.375,14.625,15.375
19.375,14.625,15.375
19.375,14.625,15.375
19.375,14.625,15.375
19.375,14.625,15.375
19.375,14.625,15.375
19.375,14.625,15.375
19.375,14.625,15.375
19.375,14.625,15.375
19.375,14.625,15.375
19.375,14.625,15.375
19.375,14.625,15.375
19.375,14.625,15.375
19.375,14.625,15.375
19.375,14.625,15.375
19.375,14.625,15.375
19.375,14.625,15.375
19.375,14.625,15.375
19.375,14.625,15.375
19.375,14.625,15.375
19.375,14.625,15.375
19.375,14.625,15.375
19.375,14.625,15.375
19.375,14.625,15.375
19.375,14.625,15.375
19.375,14.625,15.375
19.375,14.625,15.375
19.375,14.625,15.375
19.375,14.625,15.375
19.375,14.625,15.375
19.375,14.625,15.375
19.375,14.625,15.375
19.375,14.625,15.375
19.375,14.625,15.375
19.375,14.625,15.375
19.375,14.625,15.375
19.375,14.625,15.375
19.375,14.625,15.375
19.375,14.625,15.375
19.375,14.625,15.375
19.375,14.625,15.375
19.375,17.5,18.25
19.375,17.5,18.25
19.375,17.5,18.25
19.375,17.5,18.25
19.375,17.5,18.25
19.375,17.5,18.25
19.375,17.5,18.25
19.375,17.5,18.25
19.375,17.5,18.25
19.375,17.5,18.25
19.375,17.5,18.25
19.375,17.5,18.25
19.375,17.5,18.25
19.375,17.5,18.25
19.375,17.5,18.25
19.375,17.5,18.25
19.375,17.5,18.25
19.375,17.5,18.25
19.375,17.5,18.25
19.375,17.5,18.25
19.375,17.5,18.25
19.375,17.5,18.25
19.375,17.5,18.25
19.375,17.5,18.25
19.375,17.5,18.25
19.375,17.5,18.25
19.375,17.5,18.25
19.375,17.5,18.25
19.375,17.5,18.25
19.375,17.5,18.25
19.375,17.5,18.25
19.375,17.5,18.25
19.375,17.5,18.25
19.375,17.5,18.25
19.375,17.5,18.25
19.375,17.5,18.25
19.375,17.5,18.25
19.375,17.5,18.25
19.375,17.5,18.25
19.375,17.5,18.25
19.375,17.5,18.25
19.375,17.5,18.25
19.375,17.5,18.25
19.375,17.5,18.25
19.375,17.5,18.25
19.375,17.5,18.25
19.375,17.5,18.25
19.375,17.5,18.25
19.375,17.5,18.25
19.375,17.5,18.25
19.375,17.5,18.25
19.375,17.5,18.25
19.375,17.5,18.25
19.375,17.5,18.25
19.375,17.5,18.25
19.375,17.5,18.25
19.375,17.5,18.25
19.375,17.5,18.25
19.375,17.5,18.25
19.375,17.5,18.25
19.375,17.5,18.25
19.375,17.5,18.25
19.375,17.5,18.25
19.375,17.5,18.25
19.375,17.5,18.25
19.375,17.5,18.25
19.375,17.5,18.25
19.375,17.5,18.25
19.375,17.5,18.25
19.375,17.5,18.25
19.375,17.5,18.25
19.375,17.5,18.25
19.375,17.5,18.25
19.375,17.5,18.25
19.375,17.5,18.25
19.375,17.5,18.25
19.375,17.5,18.25
19.375,17.5,18.25
19.375,17.5,18.25
19.375,17.5,18.25
19.375,17.5,18.25
19.375,17.5,18.25
19.375,17.5,18.25
19.375,17.5,18.25
19.375,17.5,18.25
19.375,17.5,18.25
19.375,17.5,18.25
19.375,17.5,18.25
19.375,17.5,18.25
19.375,17.5,18.25
19.375,17.5,18.25
19.375,17.5,18.25
19.375,17.5,18.25
19.375,17.5,18.25
19.375,17.5,18.25
19.578140717371383,17.5,18.25
19.375,17.5,18.25
19.375,17.5,18.25
19.375,17.5,18.25
19.375,17.5,18.25
19.375,17.5,18.25
19.375,17.5,18.25
19.375,17.5,18.25
19.375,17.5,18.25
19.375,17.5,18.25
19.375,17.5,18.25
19.375,17.5,18.25
19.375,17.5,18.25
19.375,17.5,18.25
19.375,17.5,18.25
19.375,17.5,18.25
19.375,17.5,18.25
19.375,17.5,18.25
19.375,17.5,18.25
19.375,17.5,18.25
19.375,17.5,18.25
19.375,17.5,18.25
19.375,17.5,18.25
19.375,17.5,18.25
19.375,17.5,18.25
19.375,17.5,18.25
19.375,17.5,18.25
19.375,17.5,18.25
19.375,17.5,18.25
19.375,17.5,18.25
19.375,17.5,18.25
19.375,17.5,18.25
19.375,17.5,18.25
19.375,17.5,18.25
19.375,17.5,18.25
19.375,17.5,18.25
19.375,17.5,18.25
19.375,17.5,18.25
19.375,17.5,18.25
19.375,17.5,18.25
19.375,17.5,18.25
19.375,17.5,18.25
19.375,17.5,18.25
19.375,17.5,18.25
19.375,17.5,18.25
19.375,17.5,18.25
19.375,17.5,18.25
19.375,17.5,18.25
19.375,17.5,18.25
19.375,17.5,18.25
19.375,17.5,18.25
19.375,17.5,18.25
19.375,17.5,18.25
19.375,17.5,18.25
19.375,17.5,18.25
19.375,17.5,18.25
19.375,17.5,18.25
19.375,17.5,18.25
19.375,17.5,18.25
19.375,17.5,18.25
19.375,17.5,18.25
19.375,17.5,18.25
19.375,17.5,18.25
19.375,17.5,18.25
19.375,17.5,18.25
19.375,17.5,18.25
19.375,17.5,18.25
19.375,17.5,18.25
19.375,17.5,18.25
19.375,17.5,18.25
19.375,17.5,18.25
19.375,17.5,18.25
19.375,17.5,18.25
19.375,17.5,18.25
19.375,17.5,18.25
19.375,17.5,18.25
19.375,17.5,18.25
19.375,17.5,18.25
19.375,17.5,18.25
19.375,17.5,18.25
19.375,17.5,18.25
19.375,17.5,18.25
19.375,17.5,18.25
19.375,17.5,18.25
19.375,17.5,18.25
19.375,17.5,18.25
19.375,17.5,18.25
19.375,17.5,18.25
19.375,17.5,18.25
19.375,17.5,18.25
19.375,17.5,18.25
19.375,17.5,18.25
19.375,17.5,18.25
19.375,17.5,18.25
19.375,17.5,18.25
19.375,17.5,18.25
19.375,17.5,18.25
19.375,17.5,18.25
19.375,17.5,18.25
19.375,17.5,18.25
19.375,17.5,18.25
19.375,17.5,18.25
19.375,17.5,18.25
19.375,17.5,18.25
19.375,17.5,18.25
19.375,17.5,18.25
19.375,17.5,18.25
19.375,17.5,18.25
19.375,17.5,18.25
19.375,17.5,18.25
19.375,17.5,18.25
19.375,17.5,18.25
19.375,17.5,18.25
19.375,17.5,18.25
19.375,17.5,18.25
19.375,17.5,18.25
19.375,17.5,18.25
19.375,17.5,18.25
19.375,17.5,18.25
19.375,17.5,18.25
19.375,17.5,18.25
19.375,17.5,18.25
19.375,17.5,18.25
19.375,17.5,18.25
19.375,17.5,18.25
19.375,17.5,18.25
19.375,17.5,18.25
19.375,17.5,18.25
19.375,17.5,18.25
19.375,17.5,18.25
19.375,17.5,18.25
19.375,17.5,18.25
19.375,17.5,18.25
19.375,17.5,18.25
19.375,17.5,18.25
19.375,17.5,18.25
19.375,17.5,18.25
19.375,17.5,18.25
19.375,17.5,18.25
19.375,17.5,18.25
19.375,17.5,18.25
19.375,17.5,18.25
19.375,17.5,18.25
19.375,17.5,18.25
19.375,17.5,18.25
19.375,17.5,18.25
19.375,17.5,18.25
19.375,17.5,18.25
19.375,17.5,18.25
19.375,17.5,18.25
19.375,17.5,18.25
19.375,17.5,18.25
19.375,17.5,18.25
19.375,17.5,18.25
19.375,17.5,18.25
19.375,17.5,18.25
19.375,17.5,18.25
19.375,17.5,18.25
19.375,17.5,18.25
19.375,17.5,18.25
19.375,17.5,18.25
19.375,17.5,18.25
19.375,17.5,18.25
19.375,17.5,18.25
19.375,17.5,18.25
19.375,17.5,18.25
19.375,17.5,18.25
19.375,17.5,18.25
19.375,17.5,18.25
19.375,17.5,18.25
19.375,17.5,18.25
19.375,17.5,18.25
19.375,17.5,18.25
19.375,17.5,18.25
19.375,17.5,18.25
19.375,17.5,18.25
19.375,17.5,18.25
19.375,17.5,18.25
19.375,17.5,18.25
19.375,17.5,18.25
19.375,17.5,18.25
19.375,17.5,18.25
19.375,17.5,18.25
19.375,17.5,18.25
19.375,17.5,18.25
19.375,17.5,18.25
19.375,17.5,18.25
19.375,17.5,18.25
19.375,17.5,18.25
19.375,17.5,18.25
19.375,17.5,18.25
19.375,17.5,18.25
19.375,17.5,18.25
19.375,17.5,18.25
19.375,17.5,18.25
19.375,17.5,18.25
19.375,17.5,18.25
19.375,17.5,18.25
19.375,17.5,18.25
19.375,17.5,18.25
19.375,17.5,18.25
19.375,17.5,18.25
19.375,17.5,18.25
19.375,17.5,18.25
19.375,17.5,18.25
19.375,17.5,18.25
19.375,17.5,18.25
19.375,17.5,18.25
19.375,17.5,18.25
19.375,17.5,18.25
19.375,17.5,18.25
19.375,17.5,18.25
19.375,17.5,18.25
19.375,17.5,18.25
19.375,17.5,18.25
19.375,17.5,18.25
19.375,17.5,18.25
19.375,17.5,18.25
19.375,17.5,18.25
19.375,17.5,18.25
19.375,17.5,18.25
19.375,17.5,18.25
19.375,17.5,18.25
19.375,17.5,18.25
19.375,17.5,18.25
19.375,17.5,18.25
19.375,17.5,18.25
19.375,17.5,18.25
19.375,17.5,18.25
19.375,17.5,18.25
19.375,17.5,18.25
19.375,17.5,18.25
19.375,17.5,18.25
19.375,17.5,18.25
19.375,17.5,18.25
20.230598700310328,17.5,18.25
19.375,17.5,18.25
19.375,17.5,18.25
19.375,17.5,18.25
19.375,17.5,18.25
19.375,17.5,18.25
19.375,17.5,18.25
19.375,17.5,18.25
19.375,17.5,18.25
19.375,17.5,18.25
19.43069673791353,17.5,18.25
20.49386683753812,17.5,18.25
19.375,17.5,18.25
19.375,17.5,18.25
19.375,17.5,18.25
17.5,17.5,18.25
17.5,17.5,18.25
17.56019288698748,17.5,18.25
17.5,17.5,18.25
17.729311013384713,17.5,18.25
21.563921449569346,17.5,18.25
17.5,17.5,18.25
17.5,17.5,18.25
17.5,17.5,18.25
17.74597243527993,17.5,18.25
17.5,17.5,18.25
17.5,17.5,18.25
17.5,17.5,18.25
17.5,17.5,18.25
17.5,17.5,18.25
17.5,17.5,18.25
17.5,17.5,18.25
17.5,17.5,18.25
17.5,17.5,18.25
17.5,17.5,18.25
17.5,17.5,18.25
17.5,17.5,18.25
17.5,17.5,18.25
17.5,17.5,18.25
17.55747516671503,17.5,18.25
17.79788343456894,17.5,18.25
17.5,17.5,18.25
17.5,17.5,18.25
17.5,17.5,18.25
17.5,17.5,18.25
18.25,17.5,18.25
18.25,17.5,18.25
18.25,17.5,18.25
18.25,17.5,18.25
18.25,17.5,18.25
18.566090082965136,17.5,18.25
18.25,17.5,18.25
17.5,17.5,18.25
17.5,17.5,18.25
17.51134261417313,17.5,18.25
17.5,17.5,18.25
17.56666871927739,17.5,18.25
20.775960622014505,17.5,18.25
18.70646058761838,17.5,18.25
18.25,17.5,18.25
17.5,17.5,17.125
17.5,17.5,17.125
17.69752804621184,17.5,17.125
17.5,17.5,17.125
17.5,17.5,17.125
17.5,17.5,17.125
17.5,17.5,17.125
17.5,17.5,17.125
17.5,17.5,17.125
17.5,17.5,17.125
17.5,17.5,17.125
17.5,17.5,17.125
17.5,17.5,17.125
17.5,17.5,17.125
17.5,17.5,17.125
17.5,17.5,17.125
17.5,17.5,17.125
17.5,17.5,17.125
17.5,17.5,17.125
17.5,17.5,17.125
17.5,17.5,17.125
17.5,17.5,17.125
17.5,17.5,17.125
17.5,17.5,17.125
17.5,17.5,17.125
17.5,17.5,17.125
17.5,18.25,17.125
17.5,18.25,17.125
17.5,18.25,17.125
17.5,18.25,17.125
17.5,18.25,17.125
17.5,18.25,17.125
17.5,18.25,17.125
17.5,18.25,17.125
17.5,18.25,17.125
17.5,18.25,17.125
17.5,18.25,17.125
17.5,18.25,17.125
17.5,18.25,17.125
17.5,18.25,17.125
17.5,18.25,17.125
17.5,18.25,17.125
17.5,18.25,17.125
17.5,18.25,17.125
17.5,18.25,17.125
17.5,18.25,17.125
17.5,18.25,17.125
17.5,18.25,17.125
17.5,18.25,17.125
17.5,18.25,17.125
17.5,18.25,17.125
17.5,18.25,17.125
17.5,18.25,17.125
17.5,18.25,17.125
17.5,18.25,17.125
17.5,18.25,17.125
17.5,18.25,17.125
17.5,18.25,17.125
17.5,18.25,17.125
17.5,18.25,17.125
17.5,18.25,17.125
17.5,18.25,17.125
17.5,18.25,17.125
17.5,18.25,17.125
17.5,18.25,17.125
17.5,18.25,17.125
17.5,18.25,17.125
17.5,18.25,17.125
17.5,18.25,17.125
17.5,18.25,17.125
17.5,18.25,17.125
17.5,18.25,17.125
17.5,18.25,17.125
17.5,18.25,17.125
17.5,18.25,17.125
17.5,18.25,17.125
17.5,18.25,17.125
17.5,18.25,17.125
17.5,18.25,17.125
17.5,18.25,17.125
17.5,18.25,17.125
17.5,18.25,17.125
17.5,18.25,17.125
17.5,18.25,17.125
17.5,18.25,17.125
17.5,18.25,17.125
17.5,18.25,17.125
17.5,18.25,17.125
17.5,18.25,17.125
17.5,18.25,17.125
17.5,18.25,17.125
17.5,18.25,17.125
17.5,18.25,17.125
17.5,18.25,17.125
17.5,18.25,17.125
17.5,18.25,17.125
17.5,18.25,17.125
17.5,18.25,17.125
17.5,18.25,17.125
17.5,18.25,17.125
17.5,18.25,17.125
17.5,18.25,17.125
17.5,18.25,17.125
17.5,18.25,17.125
17.5,18.25,17.125
17.5,18.25,17.125
17.5,18.25,17.125
17.5,18.25,17.125
17.5,18.25,17.125
17.5,18.25,17.125
17.5,18.25,17.125
17.5,18.25,17.125
17.5,18.25,17.125
17.5,18.25,17.125
17.5,18.25,17.125
17.5,18.25,17.125
17.5,18.25,17.125
17.5,18.25,17.125
17.5,18.25,17.125
17.5,18.25,17.125
17.5,18.25,17.125
17.5,18.25,17.125
17.5,18.25,17.125
17.5,18.25,17.125
17.5,18.25,17.125
17.5,18.25,17.125
17.5,18.25,17.125
17.5,18.25,17.125
17.5,18.25,17.125
17.5,18.25,17.125
17.5,18.25,17.125
17.5,18.25,17.125
17.5,18.25,17.125
17.5,18.25,17.125
17.5,18.25,17.125
17.5,18.25,17.125
17.5,18.25,17.125
17.5,18.25,17.125
17.5,18.25,17.125
17.5,18.25,17.125
17.5,18.25,17.125
17.5,18.25,17.125
17.5,18.25,17.125
17.5,18.25,17.125
17.5,18.25,17.125
17.5,18.25,17.125
17.5,18.25,17.125
17.5,18.25,17.125
17.5,18.25,17.125
17.5,18.25,17.125
17.5,18.25,17.125
17.5,18.25,17.125
17.5,18.25,17.125
17.5,18.25,17.125
17.5,18.25,17.125
17.5,18.25,17.125
17.5,18.25,17.125
17.5,18.25,17.125
17.5,18.25,17.125
17.5,18.25,17.125
17.5,18.25,17.125
17.5,18.25,17.125
17.5,18.25,17.125
17.5,18.25,17.125
17.5,18.25,17.125
17.5,18.25,17.125
17.5,18.25,17.125
17.5,18.25,17.125
17.5,18.25,17.125
17.5,18.25,17.125
17.5,18.25,17.125
17.5,18.25,17.125
17.5,18.25,17.125
17.5,18.25,17.125
17.5,18.25,17.125
17.5,18.25,17.125
17.5,18.25,17.125
17.5,18.25,17.125
17.5,18.25,17.125
17.5,18.25,17.125
17.5,18.25,17.125
17.5,18.25,17.125
17.5,18.25,17.125
17.5,18.25,17.125
17.5,18.25,17.125
17.5,18.25,17.125
17.5,18.25,17.125
17.5,18.25,17.125
17.5,18.25,17.125
17.5,18.25,17.125
17.5,18.25,17.125
17.5,18.25,17.125
17.5,18.25,17.125
17.5,18.25,17.125
17.5,18.25,17.125
17.5,18.25,17.125
17.5,18.25,17.125
17.5,18.25,17.125
17.5,18.25,17.125
17.5,18.25,17.125
17.5,18.25,17.125
17.5,18.25,17.125
17.5,18.25,17.125
17.5,18.25,17.125
17.5,18.25,17.125
17.5,18.25,17.125
17.5,18.25,17.125
17.5,18.25,17.125
17.5,18.25,17.125
17.5,18.25,17.125
17.5,18.25,17.125
17.5,18.25,17.125
17.5,18.25,17.125
17.5,18.25,17.125
17.5,18.25,17.125
17.5,18.25,17.125
17.5,18.25,17.125
17.5,18.25,17.125
17.5,18.25,17.125
17.5,18.25,17.125
17.5,18.25,17.125
17.5,18.25,17.125
17.5,18.25,17.125
17.5,18.25,17.125
17.5,18.25,17.125
17.5,18.25,17.125
17.5,18.25,17.125
17.5,18.25,17.125
17.5,18.25,17.125
17.5,18.25,17.125
17.5,18.25,17.125
17.5,18.25,17.125
17.5,18.25,17.125
17.5,18.25,17.125
17.5,18.25,17.125
17.5,18.25,17.125
17.5,18.25,17.125
17.5,18.25,17.125
17.5,18.25,17.125
17.5,18.25,17.125
17.5,18.25,17.125
17.5,18.25,17.125
17.5,18.25,17.125
17.5,18.25,17.125
17.5,18.25,17.125
17.5,18.25,17.125
17.5,18.25,17.125
17.5,18.25,17.125
17.5,18.25,17.125
17.5,18.25,17.125
17.5,18.25,17.125
17.5,18.25,17.125
17.5,18.25,17.125
17.5,18.25,17.125
17.5,18.25,17.125
17.5,18.25,17.125
17.5,18.25,17.125
17.5,18.25,17.125
17.5,18.25,17.125
17.5,18.25,17.125
17.5,18.25,17.125
17.5,18.25,17.125
17.5,18.25,17.125
17.5,18.25,17.125
17.5,18.25,17.125
17.5,18.25,17.125
17.5,18.25,17.125
17.5,18.25,17.125
17.5,18.25,17.125
17.5,18.25,17.125
17.5,18.25,17.125
17.5,18.25,17.125
17.5,18.25,17.125
17.5,18.25,17.125
17.5,18.25,17.125
17.5,18.25,17.125
17.5,18.25,17.125
17.5,18.25,17.125
17.5,18.25,17.125
17.5,18.25,17.125
17.5,18.25,17.125
17.5,18.25,17.125
17.5,18.25,17.125
17.5,18.25,17.125
17.5,18.25,17.125
17.5,18.25,17.125
17.5,18.25,17.125
17.5,18.25,17.125
17.5,18.25,17.125
17.5,18.25,17.125
17.5,18.25,17.125
17.5,18.25,17.125
17.5,18.25,17.125
17.5,18.25,17.125
17.5,18.25,17.125
17.5,18.25,17.125
17.5,18.25,17.125
17.5,18.25,17.125
17.5,18.25,17.125
17.5,18.25,17.125
17.5,18.25,17.125
17.5,18.25,17.125
17.5,18.25,17.125
17.5,18.25,17.125
17.5,18.25,17.125
17.5,18.25,17.125
17.5,18.25,17.125
17.5,18.25,17.125
17.5,18.25,17.125
17.5,18.25,17.125
17.5,18.25,17.125
17.5,18.25,17.125
17.5,18.25,17.125
17.5,18.25,17.125
17.5,18.25,17.125
17.5,18.25,17.125
17.5,18.25,17.125
17.5,18.25,17.125
17.5,18.25,17.125
17.5,18.25,17.125
17.5,18.25,17.125
17.5,18.25,17.125
17.5,18.25,17.125
17.5,18.25,17.125
17.5,18.25,17.125
17.5,18.25,17.125
17.5,18.25,17.125
17.5,18.25,17.125
17.5,18.25,17.125
17.5,18.25,17.125
17.5,18.25,17.125
17.5,18.25,17.125
17.5,18.25,17.125
17.5,18.25,17.125
17.5,18.25,17.125
17.5,18.25,17.125
17.5,18.25,17.125
17.5,18.25,17.125
17.5,18.25,17.125
17.5,18.25,17.125
17.5,18.25,17.125
17.5,18.25,17.125
17.5,18.25,17.125
17.5,18.25,17.125
17.5,18.25,17.125
17.5,18.25,17.125
17.5,18.25,17.125
17.5,18.25,17.125
17.5,18.25,17.125
17.5,18.25,17.125
17.5,18.25,17.125
17.5,18.25,17.125
17.5,18.25,17.125
17.5,18.25,17.125
17.5,18.25,17.125
17.5,18.25,17.125
17.5,18.25,17.125
17.5,18.25,17.125
17.5,18.25,17.125
17.5,18.25,17.125
17.5,18.25,17.125
17.5,18.25,17.125
17.5,18.25,17.125
17.5,18.25,17.125
17.5,18.25,17.125
17.5,18.25,17.125
17.5,18.25,17.125
17.5,18.25,17.125
17.5,18.25,17.125
17.5,18.25,17.125
17.5,18.25,17.125
17.5,18.25,17.125
17.5,18.25,17.125
17.5,18.25,17.125
17.5,18.25,17.125
17.5,18.25,17.125
17.5,18.25,17.125
17.5,18.25,17.125
17.5,18.25,17.125
17.5,18.25,17.125
17.5,18.25,17.125
17.5,18.25,17.125
17.5,18.25,17.125
17.5,18.25,17.125
17.5,18.25,17.125
17.5,18.25,17.125
17.5,18.25,17.125
17.5,18.25,17.125
17.5,18.25,17.125
17.5,18.25,17.125
17.5,18.25,17.125
17.5,18.25,17.125
17.5,18.25,17.125
17.5,18.25,17.125
17.5,18.25,17.125
17.5,18.25,17.125
17.5,18.25,17.125
17.5,18.25,17.125
17.5,18.25,17.125
17.5,18.25,17.125
17.5,18.25,17.125
17.5,18.25,17.125
17.5,18.25,17.125
17.5,18.25,17.125
17.5,18.25,17.125
17.5,18.25,17.125
17.5,18.25,17.125
17.5,18.25,17.125
17.5,18.25,17.125
17.5,18.25,17.125
17.5,18.25,17.125
17.5,18.25,17.125
17.5,18.25,17.125
17.5,18.25,17.125
17.5,18.25,17.125
17.5,18.25,17.125
17.5,18.25,17.125
17.5,18.25,17.125
17.5,18.25,17.125
17.5,18.25,17.125
17.5,18.25,17.125
17.5,18.25,17.125
17.5,18.25,17.125
17.5,18.25,17.125
17.5,18.25,17.125
17.5,18.25,17.125
17.5,18.25,17.125
17.5,18.25,17.125
17.5,18.25,17.125
17.5,18.25,17.125
17.5,18.25,17.125
17.5,18.25,17.125
17.5,18.25,17.125
17.5,18.25,17.125
17.5,18.25,17.125
17.5,18.25,17.125
17.5,18.25,17.125
17.5,18.25,17.125
17.5,18.25,17.125
17.5,18.25,17.125
17.5,18.25,17.125
17.5,18.25,17.125
17.5,18.25,17.125
17.5,18.25,17.125
17.5,18.25,17.125
17.5,18.25,17.125
17.5,18.25,17.125
17.5,18.25,17.125
17.5,18.25,17.125
17.5,18.25,17.125
17.5,18.25,17.125
17.5,18.25,17.125
17.5,18.25,17.125
17.5,18.25,17.125
17.5,18.25,17.125
17.5,18.25,17.125
17.5,18.25,17.125
17.5,18.25,17.125
17.5,18.25,17.125
17.5,18.25,17.125
17.5,18.25,17.125
17.5,18.25,17.125
17.5,18.25,17.125
17.5,18.25,17.125
17.5,18.25,17.125
17.5,18.25,17.125
17.5,18.25,17.125
17.5,18.25,17.125
17.5,18.25,17.125
17.5,18.25,17.125
17.5,18.25,17.125
17.5,18.25,17.125
17.5,18.25,17.125
17.5,18.25,17.125
17.5,18.25,17.125
17.5,18.25,17.125
17.5,18.25,17.125
17.5,18.25,17.125
17.5,18.25,17.125
17.5,18.25,17.125
17.5,18.25,17.125
17.5,18.25,17.125
17.5,18.25,17.125
17.5,18.25,17.125
17.5,18.25,17.125
17.5,18.25,17.125
17.5,18.25,17.125
17.5,18.25,17.125
17.5,18.25,17.125
17.5,18.25,17.125
17.5,18.25,17.125
17.5,18.25,17.125
17.5,18.25,17.125
17.5,18.25,17.125
17.5,18.25,17.125
17.5,18.25,17.125
17.5,18.25,17.125
17.5,18.25,17.125
17.5,18.25,17.125
17.5,18.25,17.125
17.5,18.25,17.125
17.5,18.25,17.125
17.5,18.25,17.125
17.5,18.25,17.125
17.5,18.25,17.125
17.5,18.25,17.125
17.5,18.25,17.125
17.5,18.25,17.125
17.5,18.25,17.125
17.5,18.25,17.125
17.5,18.25,17.125
17.5,18.25,17.125
17.5,18.25,17.125
17.5,18.25,17.125
17.5,18.25,17.125
17.5,18.25,17.125
17.5,18.25,17.125
17.5,18.25,17.125
17.5,18.25,17.125
17.5,18.25,17.125
17.5,18.25,17.125
17.5,18.25,17.125
17.5,18.25,17.125
17.5,18.25,17.125
17.5,18.25,17.125
17.5,18.25,17.125
17.5,18.25,17.125
17.5,18.25,17.125
17.5,18.25,17.125
17.5,18.25,17.125
17.5,18.25,17.125
17.5,18.25,17.125
17.5,18.25,17.125
17.5,18.25,17.125
17.5,18.25,17.125
17.5,18.25,17.125
17.5,18.25,17.125
17.5,18.25,17.125
17.5,18.25,17.125
17.5,18.25,17.125
17.5,18.25,17.125
17.5,18.25,17.125
17.5,18.25,17.125
17.5,18.25,17.125
17.5,18.25,17.125
17.5,18.25,17.125
17.5,18.25,17.125
17.5,18.25,17.125
17.5,18.25,17.125
17.5,18.25,17.125
17.5,18.25,17.125
17.5,18.25,17.125
17.5,18.25,17.125
17.5,18.25,17.125
17.5,18.25,17.125
17.5,18.25,17.125
17.5,18.25,17.125
17.5,18.25,17.125
17.5,18.25,17.125
17.5,18.25,17.125
17.5,18.25,17.125
17.5,18.25,17.125
17.5,18.25,17.125
17.5,18.25,17.125
17.5,18.25,17.125
17.5,18.25,17.125
17.5,18.25,17.125
17.5,18.25,17.125
17.5,18.25,17.125
17.5,18.25,17.125
17.5,18.25,17.125
17.5,18.25,17.125
17.5,18.25,17.125
17.5,18.25,17.125
17.5,18.25,17.125
17.5,18.25,17.125
17.5,18.25,17.125
17.5,18.25,17.125
17.5,18.25,17.125
17.5,18.25,17.125
17.5,18.25,17.125
17.5,18.25,17.125
17.5,18.25,17.125
17.5,18.25,17.125
17.5,18.25,17.125
17.5,18.25,17.125
17.5,18.25,17.125
17.5,18.25,17.125
17.5,18.25,17.125
17.5,18.25,17.125
17.5,18.25,17.125
17.5,18.25,17.125
17.5,18.25,17.125
17.5,18.25,17.125
17.5,18.25,17.125
17.5,18.25,17.125
17.5,18.25,17.125
17.5,18.25,17.125
17.5,18.25,17.125
17.5,18.25,17.125
17.5,18.25,17.125
17.5,18.25,17.125
17.5,18.25,17.125
17.5,18.25,17.125
17.5,18.25,17.125
17.5,18.25,17.125
17.5,18.25,17.125
17.5,18.25,17.125
17.5,18.25,17.125
17.5,18.25,17.125
