time,overloaded_nodes,predicted_overloads,migrations,cpu_utilization,ram_utilization,latency,jitter
0,0,0,0,0.18902346321373326,0.14951173160686662,9.624328083047537,0
1,0,0,0,0.1886910981098805,0.14934554905494027,9.617431086550848,0.003448498248344478
2,0,0,0,0.1881599936223951,0.14907999681119757,9.60678216674926,0.007217472875383803
3,0,0,0,0.1878061749087122,0.14890308745435613,9.605226658921334,0.007846413569180904
4,0,0,0,0.18811301806180694,0.14905650903090348,9.61919635568046,0.007385863821136817
5,0,0,0,0.18796213550697238,0.14898106775348618,9.616034229046555,0.006763704417903856
6,0,0,0,0.18877657819889274,0.14938828909944635,9.6323608230517,0.008765342754428977
7,0,0,0,0.1915874550237764,0.15079372751188821,9.67033774979191,0.01935122036996421
8,0,0,0,0.1919380127778038,0.15096900638890193,9.677135316040662,0.024740856960849857
9,0,0,0,0.19385031933181668,0.15192515966590836,9.708500772777318,0.03327682344709698
10,0,0,0,0.1932725705922369,0.15163628529611847,9.69447065439619,0.03690649794818237
11,0,0,0,0.1930794988237034,0.15153974941185172,9.69472686888943,0.038438483858925426
12,0,0,0,0.1913312472591041,0.15066562362955208,9.670399078099814,0.03550158034816373
13,0,0,0,0.19090723741629,0.15045361870814503,9.664674708422432,0.03067573168628352
14,0,0,0,0.1916560614294578,0.1508280307147289,9.67710306692847,0.026736215894144544
15,0,0,0,0.19241081986679234,0.15120540993339618,9.687825492628994,0.01988927931873631
16,0,0,0,0.19334545907213685,0.15167272953606845,9.701120502529516,0.014030584813069331
17,0,0,0,0.19006588271875757,0.1500329413593788,9.652346494873523,0.016655749853420207
18,0,0,0,0.1935981832551653,0.15179909162758265,9.701949105571943,0.017451830051091022
19,0,0,0,0.19562148574887184,0.15281074287443594,9.729747753676133,0.02106502113628828
20,0,0,0,0.19596424486730046,0.15298212243365023,9.727394403647708,0.02424070327560259
21,0,0,0,0.1955066436020187,0.15275332180100937,9.724257780662438,0.02626236959324912
22,0,0,0,0.19661544475203913,0.15330772237601958,9.738592935714362,0.02811938839697248
23,0,0,0,0.19583049323368557,0.1529152466168428,9.732239585387058,0.0267848522125272
24,0,0,0,0.19919616720470454,0.15459808360235228,9.781505455203906,0.032692081503571474
25,0,0,0,0.19860548285081664,0.15430274142540834,9.775144550004095,0.035118382824536956
26,0,0,0,0.19561378679293362,0.1528068933964668,9.723375829869056,0.03413538022750097
27,0,0,0,0.1955764461500502,0.15278822307502513,9.722619969078732,0.023177110736885595
28,0,0,0,0.193561528643974,0.15178076432198703,9.694034938274111,0.024417416866265675
29,0,0,0,0.19480951417528142,0.15240475708764073,9.713040746509872,0.025268916375173207
30,0,0,0,0.1979229743064415,0.15396148715322078,9.754974234741969,0.025977666615676416
31,0,0,0,0.19725172397679208,0.15362586198839606,9.750860335155144,0.026003288902173585
32,0,0,0,0.19453309722688378,0.1522665486134419,9.707849359055306,0.027595624150849648
33,0,0,0,0.19473897960949396,0.15236948980474702,9.711850341200302,0.028504243330888593
34,0,0,0,0.1918807148713463,0.15094035743567316,9.669969219277885,0.029356817500086643
35,0,0,0,0.19104724037658175,0.15052362018829088,9.657450542337848,0.029432773909765553
36,0,0,0,0.1923160857752364,0.15115804288761822,9.678527224001712,0.030540812126931435
37,0,0,0,0.19275198154184214,0.15137599077092107,9.687885121336443,0.030441521810112466
38,0,0,0,0.195507748894039,0.1527538744470195,9.733563486992871,0.031610906845846755
39,0,0,0,0.1954394000190739,0.15271970000953694,9.731817451515587,0.03248351099188803
40,0,0,0,0.19520417974106136,0.1526020898705307,9.731119473356493,0.0297413187912996
41,0,0,0,0.19468132590078704,0.15234066295039356,9.722097613442306,0.026484993797458303
42,0,0,0,0.19444779026729925,0.15222389513364964,9.716961713590196,0.026783907611336265
43,0,0,0,0.19550875743157542,0.1527543787157877,9.730857332569748,0.027915259098423344
44,0,0,0,0.19487555269828902,0.15243777634914452,9.723153982207194,0.025501267520665335
45,0,0,0,0.19356199981317757,0.1517809999065888,9.705515991982978,0.01844352690689706
46,0,0,0,0.19193237786095352,0.15096618893047675,9.680004609601326,0.018145067467594197
47,0,0,0,0.19628988446731557,0.1531449422336578,9.746263863804614,0.017442264566535002
48,0,0,0,0.19656415140929534,0.1532820757046477,9.748134517987527,0.018885028394509482
49,0,0,0,0.19866632190137334,0.1543331609506867,9.778027990828432,0.024996919987773564
50,0,0,0,0.19679982137029436,0.1533999106851472,9.748493552374091,0.025731503666807088
51,0,0,0,0.1950494998056532,0.1525247499028266,9.721190350471783,0.025760617245473936
52,0,0,0,0.19669792266360978,0.1533489613318049,9.744434574241822,0.02570340281919981
53,0,0,0,0.196521544529686,0.15326077226484303,9.747470605445491,0.026070849680643337
54,0,0,0,0.19608562954743,0.153042814773715,9.742124831575822,0.025882567568884362
55,0,0,0,0.1987382099616228,0.1543691049808114,9.786365268123893,0.027615107566605
56,0,0,0,0.19856672570298867,0.15428336285149435,9.779397127361745,0.019353818022886268
57,0,0,0,0.19533790273255197,0.152668951366276,9.7302414621427,0.02056878316952424
58,0,0,0,0.19497588536963179,0.15248794268481589,9.731860078270703,0.02148040228275393
59,0,0,0,0.194635041926877,0.15231752096343848,9.723898486556845,0.02078650791663493
60,0,0,0,0.194677115954774,0.152338557977387,9.722562593572112,0.021847611498362906
61,0,0,0,0.1954724877113543,0.1527362438556772,9.737695658314177,0.020736235741590354
62,0,0,0,0.19281477987727175,0.1514073899386359,9.69868799729425,0.024897767294329975
63,0,0,0,0.19518332383852494,0.1525916619192625,9.733214948045102,0.024839001235376305
64,0,0,0,0.19451579641327732,0.15225789820663868,9.726123500192786,0.025074986001658577
65,0,0,0,0.19352855654821532,0.15176427827410768,9.716639575402017,0.019441338156930024
66,0,0,0,0.19273108888628493,0.15136554444314249,9.70290107089713,0.012221640547436949
67,0,0,0,0.19395411026737652,0.15197705513368825,9.718628511553373,0.011968830013085734
68,0,0,0,0.19548800812562217,0.15274400406281108,9.743213323187796,0.013379484666304552
69,0,0,0,0.19356625118377757,0.15178312559188878,9.710541576741425,0.013818400272651774
70,0,0,0,0.19528483232844568,0.15264241616422283,9.742076009871575,0.0152064009791752
71,0,0,0,0.1928714406338545,0.15143572031692726,9.71022326991967,0.014773723399162032
72,0,0,0,0.1932773486512215,0.15163867432561076,9.715816264716064,0.013072438489146538
73,0,0,0,0.19279365683788285,0.15139682841894142,9.7032181557305,0.013572608600719831
74,0,0,0,0.19299762814178267,0.15149881407089133,9.706955057438815,0.013774536092081154
75,0,0,0,0.19026463004892258,0.15013231502446128,9.667334560542905,0.020304936692680627
76,0,0,0,0.18998120979866506,0.14999060489933255,9.661245514643891,0.02539719721739234
77,0,0,0,0.19221355552420488,0.15110677776210246,9.696356008549206,0.02533743520374583
78,0,0,0,0.19380971020120258,0.1519048551006013,9.71974369574688,0.022703864796165693
79,0,0,0,0.18981755798505615,0.14990877899252808,9.6621365150161,0.025626705305311134
80,0,0,0,0.18906497512431023,0.1495324875621551,9.651111103950488,0.024675025596435498
81,0,0,0,0.1885844496872929,0.14929222484364646,9.643490346771372,0.02705401770888694
82,0,0,0,0.18548512844195308,0.14774256422097654,9.59691677399628,0.0348959144477313
83,0,0,0,0.1891563949030441,0.14957819745152204,9.649336230213965,0.03361867096403944
84,0,0,0,0.18925715754006295,0.14962857877003147,9.647714685443338,0.03089428808865181
85,0,0,0,0.19450540259377697,0.15225270129688848,9.724944101981489,0.03664668284928228
86,0,0,0,0.1937369811065629,0.15186849055328147,9.710165833625929,0.03897053656950213
87,0,0,0,0.19458648481979857,0.1522932424098993,9.724581763923421,0.041690617066142514
88,0,0,0,0.19549271567117232,0.15274635783558618,9.737720279968942,0.0439909015375478
89,0,0,0,0.1947577404143185,0.15237887020715926,9.724131980013869,0.046086301920448186
90,0,0,0,0.19937397655321915,0.1546869882766096,9.793035091234463,0.05557025793873957
91,0,0,0,0.19813837141579796,0.154069185707899,9.770694006819607,0.05682162604557941
92,0,0,0,0.19535049340083008,0.15267524670041505,9.727554905643455,0.04317764285927685
93,0,0,0,0.19542843019758097,0.1527142150987905,9.731647807689379,0.035979497902427625
94,0,0,0,0.1965613508170812,0.15328067540854062,9.744603836244933,0.023664790281724895
95,0,0,0,0.19627644568140057,0.15313822284070028,9.740918005391853,0.02320292516182336
96,0,0,0,0.19727329327070156,0.15363664663535082,9.761655817984536,0.02155340215644634
97,0,0,0,0.19597960771826264,0.15298980385913133,9.743393572920208,0.02042341861096039
98,0,0,0,0.19721254938752372,0.15360627469376187,9.762860619148608,0.02060697895556976
99,0,0,0,0.19805887358918278,0.1540294367945914,9.780394600524952,0.02044267012236291
100,0,0,0,0.19364035970009622,0.15182017985004811,9.69789235742105,0.022840814889720288
101,0,0,0,0.1947238917538237,0.15236194587691188,9.716764926746793,0.02277830990853793
102,0,0,0,0.19327427814057255,0.15163713907028628,9.690972481125227,0.027128843822234162
103,0,0,0,0.19636919671739345,0.15318459835869674,9.733113405232245,0.02710288346049452
104,0,0,0,0.1992512098517225,0.15462560492586125,9.770517178555664,0.028863087530124672
105,0,0,0,0.19907742047695304,0.15453871023847654,9.76934895552604,0.030197832588995003
106,0,0,0,0.19630518869127256,0.15315259434563627,9.728161263382116,0.029763026668006128
107,0,0,0,0.1960543698528351,0.15302718492641756,9.727623171964586,0.029923938043642205
108,0,0,0,0.19627294441133677,0.1531364722056684,9.728903119803942,0.02878861799164595
109,0,0,0,0.19498526217058387,0.15249263108529196,9.70788197064018,0.025189809661489496
110,0,0,0,0.1977371220963101,0.15386856104815505,9.745386882563709,0.023662876223912267
111,0,0,0,0.19845368577411757,0.15422684288705882,9.75267879901553,0.023823036643919684
112,0,0,0,0.2017808583011662,0.15589042915058313,9.805899704166219,0.027087728313128067
113,0,0,0,0.20121816818063307,0.15560908409031654,9.797061408329137,0.030410578111916522
114,0,0,0,0.1996712753305355,0.15483563766526776,9.774736273085335,0.030674003446130797
115,0,0,0,0.19669370266459524,0.15334685133229764,9.726680589861338,0.03117348353712371
116,0,0,0,0.19671368424594485,0.15335684212297246,9.726155186702382,0.03131629326824672
117,0,0,0,0.19330933539180709,0.15165466769590355,9.673954569743508,0.03837472555770156
118,0,0,0,0.19250537139274973,0.15125268569637484,9.659625969042166,0.045965377459657904
119,0,0,0,0.1931229541570309,0.15156147707851547,9.670160040755055,0.049604483910801585
120,0,0,0,0.19258390477808007,0.15129195238904006,9.661552750764073,0.05375288954326043
121,0,0,0,0.19280660326489668,0.15140330163244836,9.660659021316535,0.05602954976376166
122,0,0,0,0.19312320292901816,0.1515616014645091,9.671765394372418,0.048347041325922234
123,0,0,0,0.19476771590043318,0.15238385795021658,9.692938033921383,0.03658497953243339
124,0,0,0,0.19687198667481426,0.15343599333740715,9.717543136716749,0.02616178805303052
125,0,0,0,0.19713992540247485,0.15356996270123743,9.720907384274483,0.02530981694080301
126,0,0,0,0.19807895971617265,0.15403947985808633,9.738829199801632,0.02753234788601716
127,0,0,0,0.19855127873350048,0.15427563936675023,9.742967875263433,0.03177221043977138
128,0,0,0,0.1989190081853708,0.1544595040926854,9.753634747675159,0.034121936407905125
129,0,0,0,0.19880647527461584,0.15440323763730793,9.749392655726647,0.03474755517496376
130,0,0,0,0.19702759090851357,0.1535137954542568,9.721998355549792,0.03063036534486474
131,0,0,0,0.1995053153294884,0.15475265766474422,9.753397804860787,0.025808615198363798
132,0,0,0,0.19819899168776886,0.15409949584388444,9.73665483382791,0.018352439235036426
133,0,0,0,0.1995310012130566,0.15476550060652833,9.757642223957003,0.014050622942716567
134,0,0,0,0.19952705064714904,0.15476352532357457,9.752905759707236,0.012494514472435141
135,0,0,0,0.19841707183561663,0.15420853591780836,9.738799004076117,0.010318214008152216
136,0,0,0,0.19726262242552112,0.15363131121276058,9.722569449370116,0.01221058520777281
137,0,0,0,0.19938253175320236,0.1546912658766012,9.750737976298035,0.01242931880167097
138,0,0,0,0.19840334467769327,0.15420167233884666,9.739243480810012,0.012030957444575996
139,0,0,0,0.19895732977743308,0.15447866488871656,9.74449930109339,0.011831780499065497
140,0,0,0,0.19826803234886006,0.15413401617443004,9.734328199975058,0.010233890963948633
141,0,0,0,0.19835630594348874,0.1541781529717444,9.737693670692071,0.00972188106495083
142,0,0,0,0.19647269429173353,0.15323634714586676,9.713515420298107,0.012851496154359513
143,0,0,0,0.19722460703848754,0.15361230351924376,9.72813904492249,0.011603483558261537
144,0,0,0,0.19815255037586935,0.15407627518793468,9.735672155175573,0.010195054697283787
145,0,0,0,0.19507439727627296,0.15253719863813647,9.697164342911233,0.014977192704424524
146,0,0,0,0.19343161895433197,0.151715809477166,9.672566885423624,0.022961095755130365
147,0,0,0,0.19359568497283103,0.15179784248641554,9.671199367100556,0.026321443560694605
148,0,0,0,0.19273622558990122,0.15136811279495063,9.659149333712257,0.030336495259881874
149,0,0,0,0.19250659451397406,0.15125329725698705,9.655732999363922,0.031720634690659735
150,0,0,0,0.19464305842599874,0.15232152921299938,9.691219651464158,0.029697342346446273
151,0,0,0,0.1925687617965473,0.15128438089827365,9.666219032429115,0.027361192462970845
152,0,0,0,0.19281632770169532,0.15140816385084768,9.671902725676153,0.026475101919526844
153,0,0,0,0.1921316661688434,0.1510658330844217,9.664036452048222,0.022723614994284644
154,0,0,0,0.19145769221396558,0.15072884610698278,9.651742251479988,0.013799366259421372
155,0,0,0,0.19100368211775925,0.15050184105887965,9.649361797490222,0.011716104243989613
156,0,0,0,0.19038672527328426,0.15019336263664215,9.637114158662905,0.014105108012149072
157,0,0,0,0.19002512464860205,0.15001256232430105,9.631889501322684,0.016244293233995403
158,0,0,0,0.1887699367976953,0.14938496839884766,9.61310199867617,0.021038568719684552
159,0,0,0,0.18945413442057585,0.14972706721028795,9.622160931508478,0.02296228534143062
160,0,0,0,0.19237128480032217,0.1511856424001611,9.661512889188229,0.0190012306471481
161,0,0,0,0.19367375565610984,0.15183687782805494,9.686402445155053,0.021810044292396608
162,0,0,0,0.19608447552337444,0.1530422377616872,9.723727743961332,0.030912666098303454
163,0,0,0,0.19540205646975584,0.15270102823487794,9.713628474968086,0.03571330428665324
164,0,0,0,0.19864750889176425,0.15432375444588212,9.761877109140773,0.04696627668987068
165,0,0,0,0.19903297144380908,0.15451648572190457,9.766130851909057,0.054306416250348086
166,0,0,0,0.19799328801638705,0.15399664400819352,9.753886341820222,0.05598081003210556
167,0,0,0,0.19907617552909584,0.15453808776454792,9.769502576326818,0.05607501729370387
168,0,0,0,0.19992605543764508,0.15496302771882256,9.782677657211192,0.050411562143724546
169,0,0,0,0.1974783669913004,0.15373918349565022,9.744518018395627,0.037321635239762764
170,0,0,0,0.19775343487188873,0.1538767174359444,9.748550925116321,0.027773033267093628
171,0,0,0,0.1967521653345537,0.15337608266727687,9.739409556506759,0.020051069792582414
172,0,0,0,0.19691404723538827,0.15345702361769414,9.7439325152846,0.018194550093790795
173,0,0,0,0.20113724043665338,0.1555686202183267,9.805504950090683,0.01944504348161045
174,0,0,0,0.20192515687234514,0.15596257843617256,9.814161062596337,0.02504081431098223
175,0,0,0,0.2011681798630738,0.15558408993153694,9.809579591568639,0.028122775937618565
176,0,0,0,0.20148230383578902,0.1557411519178945,9.813250789664362,0.030047103230763254
177,0,0,0,0.2023066668875965,0.15615333344379825,9.829666437364644,0.0337205723757203
178,0,0,0,0.20471365187388177,0.1573568259369409,9.868370168257584,0.042311892171523334
179,0,0,0,0.20277771773998207,0.15638885886999104,9.84311315066534,0.04165229744753716
180,0,0,0,0.20298098797685343,0.15649049398842674,9.846088803089911,0.03946113840155608
181,0,0,0,0.20320210965617647,0.15660105482808823,9.85269396676782,0.03291194030958243
182,0,0,0,0.20439290952299377,0.1571964547614969,9.870108909360408,0.02302023523458576
183,0,0,0,0.20366646226749807,0.15683323113374903,9.855748085598174,0.021405369469560443
184,0,0,0,0.20547971478254146,0.15773985739127075,9.884117035653706,0.023091703557284717
185,0,0,0,0.20521345822857956,0.1576067291142898,9.87496013948306,0.020616740913325608
186,0,0,0,0.20672150980274423,0.15836075490137214,9.904639442798835,0.020865221245476188
187,0,0,0,0.20853459973561392,0.15926729986780697,9.932591907520788,0.02652599235517431
188,0,0,0,0.20713282192964513,0.1585664109648226,9.912899781345695,0.028960137337776283
189,0,0,0,0.2061889455865244,0.15809447279326222,9.894781912846494,0.02686237473979554
190,0,0,0,0.2048373249804955,0.15741866249024777,9.873282018211547,0.024251553372692383
191,0,0,0,0.20206205939884886,0.15603102969942445,9.829523850518893,0.028086653772762142
192,0,0,0,0.20138155876943664,0.15569077938471831,9.82145650530515,0.0336141828063066
193,0,0,0,0.201398896338231,0.15569944816911552,9.81968545842119,0.037554459942263356
194,0,0,0,0.19669417359344749,0.15334708679672376,9.748367251579479,0.05306347620073598
195,0,0,0,0.19779802959186638,0.15389901479593318,9.776162480911282,0.05850383374911168
196,0,0,0,0.19854288871475406,0.15427144435737705,9.79063478633969,0.05811312907924145
197,0,0,0,0.19890084763080063,0.1544504238154003,9.792222128892156,0.050490806231981086
198,0,0,0,0.20093194865515857,0.1554659743275793,9.819153492624213,0.04134154706791191
199,0,0,0,0.20390447480755658,0.15695223740377828,9.8627556095173,0.03605817376135431
200,0,0,0,0.19932900190061026,0.15466450095030515,9.784272081341628,0.03075509041799316
201,0,0,0,0.19966923723254332,0.15483461861627168,9.790856288939038,0.02977124280025284
202,0,0,0,0.2007715611779347,0.15538578058896738,9.812893347793043,0.029276826433279265
203,0,0,0,0.2012368778888416,0.1556184389444208,9.818780819986946,0.029216268576774826
204,0,0,0,0.20032040499010792,0.15516020249505397,9.807352133862066,0.02371101733387624
205,0,0,0,0.19872638966732828,0.15436319483366415,9.784718498891944,0.02277244239551509
206,0,0,0,0.19679047817207157,0.15339523908603578,9.754131781306326,0.027447012532333576
207,0,0,0,0.19559627900243517,0.1527981395012176,9.734737651018929,0.03422513583529733
208,0,0,0,0.19231883926735943,0.15115941963367974,9.69066824214427,0.04568311352870291
209,0,0,0,0.19178837046118924,0.1508941852305946,9.677472665840225,0.04756610497360844
210,0,0,0,0.18821456512871315,0.14910728256435657,9.62012988950664,0.06382801875901645
211,0,0,0,0.188277834593224,0.14913891729661202,9.618622620570276,0.07285602997697256
212,0,0,0,0.18744784934813746,0.14872392467406875,9.600335925676598,0.07702772846866998
213,0,0,0,0.1854540507047686,0.1477270253523843,9.566101092434021,0.07884977504381059
214,0,0,0,0.1883380933927657,0.14916904669638287,9.604663185347219,0.07051359093763096
215,0,0,0,0.18610135672999817,0.14805067836499908,9.566321287795668,0.06358142928124964
216,0,0,0,0.18605726606108075,0.14802863303054037,9.565785480412348,0.055326584569262656
217,0,0,0,0.18703742866521247,0.14851871433260627,9.581412452611286,0.042377681042244736
218,0,0,0,0.18765631569225338,0.14882815784612669,9.595540622508711,0.032548406703028575
219,0,0,0,0.19004167131978095,0.1500208356598905,9.632361255600163,0.02324458480374794
220,0,0,0,0.1908281306643854,0.1504140653321927,9.64476098316642,0.026797028137007052
221,0,0,0,0.19017128014899173,0.15008564007449587,9.629492364004806,0.02782871012624395
222,0,0,0,0.19363121764780522,0.15181560882390263,9.683536474834904,0.037749753642365484
223,0,0,0,0.19508248240998677,0.15254124120499338,9.706878745689172,0.045356747820656886
224,0,0,0,0.19424684190677158,0.1521234209533858,9.69496486640291,0.04994719167061486
225,0,0,0,0.19657504969889183,0.1532875248494459,9.727409330680038,0.05268008028186276
226,0,0,0,0.19816615243019947,0.15408307621509976,9.753043370598288,0.054026871118720544
227,0,0,0,0.1979551685931318,0.1539775842965659,9.747923254361982,0.05130867093243304
228,0,0,0,0.19733188130172047,0.15366594065086026,9.740403154532261,0.0450349277025245
229,0,0,0,0.19570661669371975,0.1528533083468599,9.722437031621016,0.0401312463256637
230,0,0,0,0.19628172015113388,0.15314086007556693,9.734105253652196,0.03536965527549657
231,0,0,0,0.19427090697019847,0.15213545348509924,9.708378086481165,0.021851399153878102
232,0,0,0,0.19407535489558747,0.15203767744779376,9.706206974437517,0.018701848864952693
233,0,0,0,0.19477052554694496,0.1523852627734725,9.71543355196331,0.018076297801550387
234,0,0,0,0.19620794349532414,0.15310397174766208,9.739600737238998,0.015416354736062092
235,0,0,0,0.1942425582803936,0.1521212791401968,9.710802737021039,0.016413658885286668
236,0,0,0,0.19311315036556503,0.15155657518278254,9.693097260394795,0.017046369013764516
237,0,0,0,0.1933087367135017,0.15165436835675086,9.697437890076708,0.016018476305960087
238,0,0,0,0.19435668548875723,0.1521783427443786,9.708567378796802,0.014052087567358913
239,0,0,0,0.19417753823765221,0.15208876911882613,9.706489025191747,0.013863130900518342
240,0,0,0,0.1951465313689208,0.1525732656844604,9.719306155915044,0.012103934228135976
241,0,0,0,0.19582516803614863,0.15291258401807434,9.729432248749948,0.013316551261836283
242,0,0,0,0.19356392872160283,0.1517819643608014,9.691877512159044,0.014636920718434256
243,0,0,0,0.19289464931326164,0.15144732465663083,9.68434712455869,0.01658067699234998
244,0,0,0,0.19094387549177305,0.15047193774588652,9.656571080731899,0.019292570846374243
245,0,0,0,0.19145507183355226,0.15072753591677615,9.659397497228879,0.02228979375358921
246,0,0,0,0.190287181945311,0.1501435909726555,9.64736787341433,0.026443584876794567
247,0,0,0,0.1904694558940095,0.15023472794700474,9.644931493221778,0.029497666877075866
248,0,0,0,0.19255878477224397,0.15127939238612198,9.675394241280832,0.028489584999159684
249,0,0,0,0.19350452827611492,0.15175226413805748,9.694199179438623,0.02763794332211308
250,0,0,0,0.19432743429486124,0.15216371714743063,9.705161631519795,0.02591269214021997
251,0,0,0,0.19019588915744076,0.1500979445787204,9.638126362374893,0.02232517701233934
252,0,0,0,0.19253899031905797,0.15126949515952898,9.670677881337399,0.02109476895605792
253,0,0,0,0.1920103673660406,0.1510051836830203,9.66524235813559,0.020344906237660217
254,0,0,0,0.18825876019221247,0.14912938009610624,9.607031733359467,0.026931497029800012
255,0,0,0,0.18762830305644929,0.14881415152822464,9.599768405182857,0.032580329763805156
256,0,0,0,0.18952629542752408,0.14976314771376203,9.628503762658271,0.03348891770714007
257,0,0,0,0.18951001239021126,0.14975500619510565,9.629071556617863,0.03419698446382594
258,0,0,0,0.19266881885084908,0.15133440942542453,9.677728816935941,0.03436809515429754
259,0,0,0,0.19540195367559127,0.15270097683779565,9.71970300406962,0.038173858829955526
260,0,0,0,0.1963196478495538,0.1531598239247769,9.7312093046818,0.042241047212072856
261,0,0,0,0.19482403662353942,0.1524120183117697,9.715370047323749,0.045102794052817884
262,0,0,0,0.1938520741999251,0.15192603709996255,9.701256982715364,0.04643948835503734
263,0,0,0,0.19216217363815896,0.15108108681907947,9.674277359697955,0.04647487425303026
264,0,0,0,0.19097710824731928,0.15048855412365963,9.658351993357607,0.04203744982927535
265,0,0,0,0.19030099291446687,0.15015049645723344,9.645210052209567,0.03581446386250468
266,0,0,0,0.1922611155689453,0.15113055778447265,9.676708752727329,0.03184272644114544
267,0,0,0,0.19269852364390677,0.1513492618219534,9.684791050284844,0.02633714181617544
268,0,0,0,0.19146459887738926,0.15073229943869462,9.663426505208198,0.027253501452785756
269,0,0,0,0.19158574691177552,0.15079287345588777,9.662217646714485,0.02577840675906025
270,0,0,0,0.19078357429486217,0.1503917871474311,9.64512815659749,0.021722397502293385
271,0,0,0,0.18963462593545732,0.14981731296772868,9.625931007810147,0.020689659788033707
272,0,0,0,0.188646888780362,0.149323444390181,9.611600782695053,0.021876857251522584
273,0,0,0,0.1885923344089422,0.14929616720447111,9.606694628997158,0.02501832170301128
274,0,0,0,0.19091251023783243,0.15045625511891622,9.636385240258145,0.02497782095343159
275,0,0,0,0.19288870782985115,0.15144435391492558,9.671853201597685,0.026164577159321883
276,0,0,0,0.18984542814744682,0.1499227140737234,9.628224223299233,0.024947141842577077
277,0,0,0,0.19197524127816362,0.1509876206390818,9.659025631938524,0.021678933420024433
278,0,0,0,0.19392801683891187,0.15196400841945595,9.694122493843194,0.026308930885255544
279,0,0,0,0.19338850846854938,0.1516942542342747,9.686437325799949,0.028855246809388616
280,0,0,0,0.19321277224330374,0.1516063861216519,9.683220410347408,0.030861933495733372
281,0,0,0,0.19229766983343272,0.15114883491671638,9.669155548838647,0.030158180432659994
282,0,0,0,0.19064646224733633,0.15032323112366816,9.639433527223876,0.027193338242891385
283,0,0,0,0.1911132946536871,0.15055664732684354,9.638893407851805,0.022492228382751736
284,0,0,0,0.1886427911484962,0.1493213955742481,9.602564519490748,0.027805505958594663
285,0,0,0,0.189913112512526,0.149956556256263,9.6234551895214,0.029034850809988046
286,0,0,0,0.1909512758905877,0.15047563794529387,9.63998555771301,0.02825737223239118
287,0,0,0,0.19072685913189538,0.1503634295659477,9.631301006403339,0.02894367126314014
288,0,0,0,0.18820487110760697,0.14910243555380348,9.598926930307481,0.028802693320222127
289,0,0,0,0.18876728903799023,0.1493836445189951,9.607846982878964,0.026011349244552267
290,0,0,0,0.18879227388836406,0.14939613694418202,9.60802865169557,0.02091394536439974
291,0,0,0,0.18574988456252153,0.14787494228126077,9.563424629020458,0.02302316668574085
292,0,0,0,0.18764155439303926,0.14882077719651962,9.593347663965686,0.02235101733486321
293,0,0,0,0.18786450007053712,0.14893225003526858,9.598263414031926,0.020485835216611296
294,0,0,0,0.18616917198235874,0.14808458599117938,9.574072718662684,0.02272394581016657
295,0,0,0,0.1859796469326098,0.1479898234663049,9.571169211955109,0.02361284081566859
296,0,0,0,0.18523342902960505,0.14761671451480254,9.5576148109302,0.02206860218837371
297,0,0,0,0.18466092583446583,0.1473304629172329,9.549144600994605,0.020553137847702876
298,0,0,0,0.18397353948562542,0.14698676974281272,9.538718116420851,0.02338965007038048
299,0,0,0,0.1824472916185554,0.1462236458092777,9.522782703298367,0.025676368634829572
300,0,0,0,0.18147734989598785,0.14573867494799392,9.515907669377157,0.026061831066596087
301,0,0,0,0.1800756550119707,0.14503782750598535,9.492439878963696,0.032588529994077166
302,0,0,0,0.18184077775386656,0.14592038887693326,9.517962965840809,0.030662903783035544
303,0,0,0,0.18389680499425817,0.14694840249712907,9.550031081558096,0.02498559146404687
304,0,0,0,0.18183664085459525,0.14591832042729763,9.516104775229278,0.0228014338999489
305,0,0,0,0.18163280727244047,0.14581640363622023,9.510558255419118,0.019751372649333215
306,0,0,0,0.1829657163487411,0.14648285817437057,9.53310998274031,0.017167943445311872
307,0,0,0,0.1828376071821161,0.14641880359105808,9.528644530240697,0.015239404356190164
308,0,0,0,0.18243620860546822,0.14621810430273413,9.522093068228425,0.014269137668107447
309,0,0,0,0.18657089813294553,0.14828544906647279,9.585469077035555,0.024084820609365516
310,0,0,0,0.18502048208464536,0.1475102410423227,9.56032450734615,0.025632718261760556
311,0,0,0,0.18734435527924562,0.14867217763962282,9.601922357014695,0.029609589110718794
312,0,0,0,0.18485364769167464,0.14742682384583733,9.564905407041554,0.029043751512085957
313,0,0,0,0.18437878078409017,0.1471893903920451,9.562559609373093,0.029401848504641632
314,0,0,0,0.18570091582590387,0.14785045791295193,9.584824019833281,0.029039511870656978
315,0,0,0,0.18793982667764952,0.14896991333882476,9.613741157407663,0.0295849491455037
316,0,0,0,0.18989752129514562,0.1499487606475728,9.642485426005075,0.03518138460382804
317,0,0,0,0.18692461084652828,0.14846230542326413,9.598947653215491,0.031731859152211515
318,0,0,0,0.18703451297472895,0.1485172564873645,9.598436364908954,0.02429787640396687
319,0,0,0,0.18942887570389713,0.1497144378519486,9.637632086217232,0.027817279670844946
320,0,0,0,0.18907420069457742,0.1495371003472887,9.634772880044178,0.02707084892263389
321,0,0,0,0.18995047931668152,0.14997523965834078,9.646273886806835,0.02985356676472586
322,0,0,0,0.1943355773597833,0.15216778867989164,9.7142844341206,0.03997923961870744
323,0,0,0,0.19278468369273571,0.15139234184636788,9.696144657199351,0.03973696832654535
324,0,0,0,0.1883597695183306,0.1491798847591653,9.62901734488971,0.035997321892319696
325,0,0,0,0.18907522525180062,0.14953761262590032,9.643502522359402,0.03481721351930158
326,0,0,0,0.18945809023837729,0.14972904511918866,9.654942638590017,0.0349579496483948
327,0,0,0,0.19031635890088316,0.1501581794504416,9.664868333146872,0.03163514596316379
328,0,0,0,0.1913520511166769,0.15067602555833848,9.681003933313335,0.02701908797479566
329,0,0,0,0.19084030179428182,0.15042015089714092,9.67193672927817,0.02609220751565052
330,0,0,0,0.19321229656553301,0.1516061482827665,9.69887858995666,0.026078866511018102
331,0,0,0,0.1949781758952724,0.15248908794763621,9.72495737628617,0.029369923212015408
332,0,0,0,0.19333332914361379,0.1516666645718069,9.70477242430865,0.02831288921116996
333,0,0,0,0.19193432809304506,0.15096716404652255,9.685186663146554,0.02775742521911389
334,0,0,0,0.19406935066693423,0.15203467533346712,9.715615309768246,0.025165443698355976
335,0,0,0,0.19406930183988322,0.15203465091994162,9.715620646917465,0.022563266338443907
336,0,0,0,0.19141824297517152,0.15070912148758575,9.672646845714393,0.020171300982322813
337,0,0,0,0.19107538466378862,0.15053769233189432,9.675201141876459,0.01890028278102228
338,0,0,0,0.1935119904473279,0.15175599522366395,9.711342102122298,0.018912180284464463
339,0,0,0,0.19267288694880785,0.15133644347440395,9.697125439656725,0.016894037876604137
340,0,0,0,0.1937966638171401,0.15189833190857008,9.718749919867122,0.01777511915549976
341,0,0,0,0.1947987978477936,0.1523993989238968,9.735132817676146,0.019280712274479028
342,0,0,0,0.19784869634680277,0.1539243481734014,9.783890406202872,0.030999294005182
343,0,0,0,0.19804820932577738,0.15402410466288868,9.785978961739591,0.03679519399101689
344,0,0,0,0.19700625053985182,0.15350312526992593,9.76597702286195,0.03907178044290509
345,0,0,0,0.19922842172401484,0.15461421086200744,9.805371303051809,0.04541222586829462
346,0,0,0,0.20223752157534763,0.15611876078767384,9.850229149818052,0.051777124595028604
347,0,0,0,0.20168877919476214,0.15584438959738106,9.841932312224479,0.05091019143846772
348,0,0,0,0.2019571737033703,0.15597858685168514,9.846428072269623,0.05158442973865098
349,0,0,0,0.20146027734862174,0.15573013867431088,9.838660316835732,0.0450631455462013
350,0,0,0,0.20029132564049298,0.1551456628202465,9.816837320707283,0.03683625208351513
351,0,0,0,0.20004320905194398,0.155021604525972,9.811944266961133,0.027985576397538466
352,0,0,0,0.2006512037760887,0.15532560188804434,9.825263228063033,0.026117126712157678
353,0,0,0,0.19887670882257086,0.15443835441128545,9.797950833618293,0.024824762838113783
354,0,0,0,0.19944400152029623,0.15472200076014814,9.804358956664634,0.018267383370369965
355,0,0,0,0.20055076768598096,0.15527538384299047,9.82097348381123,0.017256760045458345
356,0,0,0,0.2030221976914648,0.15651109884573242,9.86501985538449,0.019767695375525977
357,0,0,0,0.1987333895504059,0.15436669477520296,9.80034432155859,0.020535241922789587
358,0,0,0,0.19756583699563773,0.15378291849781886,9.783487554934565,0.021920839736028253
359,0,0,0,0.19821916367798906,0.15410958183899454,9.793287455169835,0.02155378020346358
360,0,0,0,0.19832387047369826,0.15416193523684912,9.794184544837375,0.022104110080793632
361,0,0,0,0.20045881863576615,0.15522940931788307,9.826882279536491,0.022703194920131856
362,0,0,0,0.19882191221829632,0.15441095610914818,9.800797134789132,0.022369009454320025
363,0,0,0,0.19883231718267058,0.15441615859133528,9.799098061026209,0.02231631950594025
364,0,0,0,0.19955836789597092,0.15477918394798545,9.810838023280246,0.02227072535637737
365,0,0,0,0.19791035767049853,0.15395517883524928,9.778025817477122,0.023735280630681938
366,0,0,0,0.19879517819776604,0.15439758909888301,9.783007592430266,0.013691416638114288
367,0,0,0,0.20123142669340127,0.15561571334670066,9.820131399466485,0.01536053402125366
368,0,0,0,0.2004015017736716,0.15520075088683583,9.814120813892146,0.015017380692833267
369,0,0,0,0.19984126360634757,0.1549206318031738,9.802606174694695,0.014731927850904472
370,0,0,0,0.20074602792319718,0.15537301396159858,9.81481147588811,0.014801418646977897
371,0,0,0,0.19988043674427292,0.15494021837213645,9.803021869555021,0.012885992681760688
372,0,0,0,0.19755809145544873,0.15377904572772438,9.770948508731788,0.016039628739140985
373,0,0,0,0.19729175956155662,0.15364587978077832,9.766340607257758,0.018908521276576194
374,0,0,0,0.19768258035845823,0.15384129017922915,9.770772883273814,0.019651740779579978
375,0,0,0,0.19718246355925362,0.15359123177962683,9.762498800208883,0.021271116444615996
376,0,0,0,0.1956254381208684,0.15281271906043423,9.738193020038596,0.026519565540880648
377,0,0,0,0.19629527042904615,0.1531476352145231,9.74959701311691,0.02596958724521843
378,0,0,0,0.19462417884517696,0.1523120894225885,9.72340323859133,0.027984949306380975
379,0,0,0,0.19437139185818092,0.15218569592909048,9.717854892617837,0.029675625397093928
380,0,0,0,0.19446522294923224,0.15223261147461614,9.720922909009424,0.026029154737635375
381,0,0,0,0.19244098363804463,0.1512204918190223,9.687304835634148,0.026646959667191095
382,0,0,0,0.19481929175444324,0.1524096458772216,9.717278524782795,0.0254069524428594
383,0,0,0,0.1945114116651856,0.15225570583259282,9.712822159262569,0.023922650729539644
384,0,0,0,0.1923807086170442,0.15119035430852212,9.678133558384031,0.024299050728881562
385,0,0,0,0.19104863862749516,0.1505243193137476,9.65809668883886,0.026471797791735856
386,0,0,0,0.19340186825174535,0.15170093412587268,9.694514256208672,0.02508634626463244
387,0,0,0,0.19177202010801564,0.1508860100540078,9.667689630868132,0.022777559963071074
388,0,0,0,0.1939506855244899,0.15197534276224495,9.700183173277306,0.021176649942859865
389,0,0,0,0.19256901733481158,0.15128450866740578,9.676208296456647,0.020449521037960373
390,0,0,0,0.19078170549114856,0.1503908527455743,9.647522049268353,0.021643275964331424
391,0,0,0,0.1918924195023332,0.15094620975116663,9.659305494739556,0.0228110326122071
392,0,0,0,0.19101513946854806,0.15050756973427404,9.641064631970606,0.022199125829538615
393,0,0,0,0.18915743266267784,0.14957871633133893,9.609416894237906,0.02535808695520992
394,0,0,0,0.1909162891782193,0.15045814458910967,9.623744337673289,0.027330770381495097
395,0,0,0,0.1916026649315541,0.15080133246577704,9.634918984705944,0.02817492213952294
396,0,0,0,0.19313519982332922,0.15156759991166463,9.65929598511465,0.02510673695555483
397,0,0,0,0.1913660276453253,0.15068301382266264,9.634111273472023,0.025020401929390645
398,0,0,0,0.1910964619636967,0.15054823098184836,9.631381679677293,0.01849145186225046
399,0,0,0,0.18926569767135903,0.14963284883567954,9.605816961122807,0.017378683122435786
400,0,0,0,0.18823719775923575,0.14911859887961787,9.600274342159377,0.019528665368975903
401,0,0,0,0.1880095949455191,0.14900479747275958,9.596037017562214,0.019234342384153374
402,0,0,0,0.1883118216725494,0.14915591083627472,9.600772867434744,0.019374781902214103
403,0,0,0,0.1908472835337091,0.15042364176685458,9.635157835647913,0.01956296259479397
404,0,0,0,0.18906228049262638,0.1495311402463132,9.605615148786438,0.02016216410493395
405,0,0,0,0.1912540556282757,0.15062702781413784,9.64587344518959,0.021195702036293746
406,0,0,0,0.19134742305986452,0.15067371152993225,9.648884920437657,0.019498089051498732
407,0,0,0,0.19228149319624466,0.15114074659812232,9.666605864538909,0.023756329775487292
408,0,0,0,0.19350151963747347,0.15175075981873673,9.684139911948845,0.029942249037650158
409,0,0,0,0.19385585941762315,0.15192792970881158,9.68665865937314,0.03333496325300444
410,0,0,0,0.1960794195929104,0.1530397097964552,9.718342340984066,0.03871113848526404
411,0,0,0,0.19636855373874573,0.15318427686937286,9.723185811040464,0.040144637633068976
412,0,0,0,0.19843381369290214,0.1542169068464511,9.751666596049061,0.042748229784945774
413,0,0,0,0.20006569920047362,0.15503284960023683,9.773200265453706,0.04896845383340107
414,0,0,0,0.20188039491497659,0.1559401974574883,9.804299252634177,0.05080280811124988
415,0,0,0,0.20227605132869403,0.15613802566434704,9.811631241394135,0.054021908858948094
416,0,0,0,0.20030965310191354,0.15515482655095678,9.78174083368381,0.04934571402066296
417,0,0,0,0.19965356158631864,0.15482678079315934,9.77083193552915,0.04335543564466085
418,0,0,0,0.19759805818405574,0.1537990290920279,9.73949037563959,0.037683427372943036
419,0,0,0,0.19701056148187035,0.15350528074093517,9.730846516881288,0.03133747087900386
420,0,0,0,0.19694826566320067,0.15347413283160036,9.731397470366916,0.02978657777396466
421,0,0,0,0.19863624955530912,0.15431812477765455,9.76108108864709,0.02689992193879308
422,0,0,0,0.20056002378006083,0.15528001189003043,9.78868962126804,0.027270138080115452
423,0,0,0,0.19676686485102668,0.15338343242551336,9.734495478800424,0.02912826060497734
424,0,0,0,0.1968088581057618,0.1534044290528809,9.728615177914815,0.027855601186318593
425,0,0,0,0.19486935133973507,0.15243467566986754,9.698157058550878,0.026739087381881764
426,0,0,0,0.1978480915753014,0.15392404578765073,9.741979180136791,0.024026981645997432
427,0,0,0,0.2007075425898342,0.15535377129491712,9.78954931608541,0.0267332717419246
428,0,0,0,0.19942728043919022,0.1547136402195951,9.772899128614636,0.02796631280072875
429,0,0,0,0.1983416599421804,0.1541708299710902,9.76069491275465,0.027591018489079355
430,0,0,0,0.19777468791241762,0.15388734395620882,9.749520124067972,0.026845074695050195
431,0,0,0,0.19968577310711064,0.15484288655355533,9.78170898962448,0.028179335403957444
432,0,0,0,0.20083044056681099,0.15541522028340551,9.794234779401503,0.028889695988292562
433,0,0,0,0.1975152729563775,0.15375763647818874,9.744724501417904,0.028314376761462815
434,0,0,0,0.1976675629852369,0.15383378149261845,9.750846205463636,0.02689793370731177
435,0,0,0,0.19969176108222464,0.15484588054111234,9.786367779864033,0.018985038489856443
436,0,0,0,0.20126588312147023,0.15563294156073512,9.811000442361586,0.020983484706956056
437,0,0,0,0.2008015159891801,0.15540075799459005,9.803783303013557,0.02241354035746028
438,0,0,0,0.2002365983996437,0.15511829919982184,9.793434723432846,0.0230069171854443
439,0,0,0,0.20082347698408867,0.15541173849204434,9.806037239684125,0.023680415700267368
440,0,0,0,0.19962318614467095,0.1548115930723355,9.789936296238363,0.02106873019621756
441,0,0,0,0.19944718523403582,0.1547235926170179,9.784887341831686,0.02102239382326023
442,0,0,0,0.19847386737607953,0.15423693368803976,9.771218520641495,0.02131031497365209
443,0,0,0,0.20036197412970636,0.1551809870648532,9.797753918850374,0.016979311873248144
444,0,0,0,0.2009438041300321,0.15547190206501604,9.809715839092057,0.012032630992008424
445,0,0,0,0.20100482769799238,0.1555024138489962,9.812664942826721,0.012627244769195583
446,0,0,0,0.2005087361968671,0.15525436809843357,9.804226339552844,0.01208398159688997
447,0,0,0,0.20204889037534934,0.15602444518767467,9.823939373917632,0.014438033119374707
448,0,0,0,0.20285889311412642,0.15642944655706323,9.835795199644496,0.017876588907866614
449,0,0,0,0.20394803011395243,0.15697401505697622,9.850537325619037,0.02278884229547139
450,0,0,0,0.20507669905287224,0.15753834952643614,9.870275462906246,0.02844110349932125
451,0,0,0,0.2032423786153674,0.1566211893076837,9.840948042384184,0.02723548917952328
452,0,0,0,0.2053864450782205,0.15769322253911028,9.875158427586861,0.025778350654503276
453,0,0,0,0.20473196534846355,0.1573659826742318,9.862473311038135,0.02443167181948037
454,0,0,0,0.20653389919018333,0.1582669495950917,9.889084621434316,0.026566418628483
455,0,0,0,0.20476161223037587,0.15738080611518795,9.860673453410275,0.02425355755452953
456,0,0,0,0.20746113349212575,0.1587305667460629,9.90668236263296,0.023836143793507143
457,0,0,0,0.20452014139164704,0.1572600706958235,9.86176179730632,0.020306497457517978
458,0,0,0,0.20232978969904913,0.1561648948495246,9.831491588596217,0.020963056565821456
459,0,0,0,0.20172334331459155,0.15586167165729578,9.819357132484038,0.02483079152419399
460,0,0,0,0.20128450658164493,0.15564225329082249,9.80879053279418,0.02919701884792563
461,0,0,0,0.20255929930124597,0.156279649650623,9.830502640161928,0.029882814673977694
462,0,0,0,0.20301873632491949,0.15650936816245975,9.834334894202467,0.029582086764635526
463,0,0,0,0.2036066842231583,0.15680334211157915,9.843440034347193,0.029362961077543936
464,0,0,0,0.20203770277444932,0.15601885138722466,9.819134906537137,0.027135569529503925
465,0,0,0,0.203277152405691,0.1566385762028455,9.833258621670392,0.026447957394656607
466,0,0,0,0.2025701417154244,0.1562850708577122,9.81996171531477,0.014152206829495324
467,0,0,0,0.20176624990693828,0.15588312495346915,9.809385546970411,0.010798016276036094
468,0,0,0,0.20052378894596157,0.15526189447298078,9.789992324931776,0.014745533210643815
469,0,0,0,0.20229223038128286,0.15614611519064145,9.81435616749615,0.014870796959898907
470,0,0,0,0.2014577712336566,0.15572888561682832,9.800640414768313,0.015681363385535284
471,0,0,0,0.19993445726712072,0.15496722863356036,9.776751462740197,0.019689058209336995
472,0,0,0,0.20097878728720497,0.1554893936436025,9.792464038833556,0.01939608641943955
473,0,0,0,0.2010332097276289,0.15551660486381444,9.793214965441749,0.016331417820775754
474,0,0,0,0.19932354852861922,0.15466177426430963,9.762752603036223,0.01981118942228636
475,0,0,0,0.19910176835291923,0.15455088417645962,9.76704587492635,0.018359243978599542
476,0,0,0,0.20087453731993682,0.15543726865996843,9.795407542358525,0.016038458986027918
477,0,0,0,0.20241075822506827,0.15620537911253415,9.818101356379495,0.017248497139025785
478,0,0,0,0.20300248738088333,0.1565012436904417,9.826047130424794,0.020167193669541707
479,0,0,0,0.20372891118767414,0.1568644555938371,9.841134144033187,0.02401329987580784
480,0,0,0,0.20190770407936942,0.15595385203968473,9.819089690820233,0.024887578810010545
481,0,0,0,0.2027925448711104,0.1563962724355552,9.829388343488098,0.02514787901714984
482,0,0,0,0.2051288305891569,0.15756441529457846,9.86547042314849,0.030608604174991883
483,0,0,0,0.2053835561582806,0.1576917780791403,9.870042585450147,0.03439587110484315
484,0,0,0,0.20600837824205714,0.1580041891210286,9.87940920749798,0.03294065673259371
485,0,0,0,0.20628154328423925,0.15814077164211965,9.88445529578863,0.028658380192422797
486,0,0,0,0.20137063109487852,0.15568531554743925,9.806748565677102,0.026930630783028375
487,0,0,0,0.2041091971781288,0.15705459858906445,9.851918791314151,0.025555743741626273
488,0,0,0,0.20274486252810162,0.15637243126405082,9.833015200798174,0.025054928961355128
489,0,0,0,0.20108465926268396,0.155542329631342,9.809443681660706,0.027605754088348537
490,0,0,0,0.20006854025633578,0.1550342701281679,9.794223358042805,0.030758417599963714
491,0,0,0,0.20384078100227815,0.1569203905011391,9.85089847796392,0.030523692740565343
492,0,0,0,0.20504554964717778,0.1575227748235889,9.870223901493098,0.03088051869284313
493,0,0,0,0.20628735961670147,0.15814367980835073,9.89612372181745,0.03384164347905691
494,0,0,0,0.20223237749011638,0.1561161887450582,9.836540197556442,0.032223023387053386
495,0,0,0,0.20153557464117305,0.15576778732058655,9.82405394986499,0.02949948124509227
496,0,0,0,0.20015254277809044,0.15507627138904523,9.800682544627081,0.030176468476537287
497,0,0,0,0.198722186970942,0.154361093485471,9.774975568163203,0.03477695489233934
498,0,0,0,0.19725188409876673,0.15362594204938337,9.74848821688033,0.04224803350066978
499,0,0,0,0.19760268402213327,0.15380134201106666,9.752890582758244,0.04688850818400148
500,0,0,0,0.1941413132934252,0.1520706566467126,9.70156830374102,0.05791825158319486
501,0,0,0,0.19377769753389731,0.15188884876694866,9.695096347821629,0.06425791328915378
502,0,0,0,0.1932930827214761,0.15164654136073805,9.68088153581195,0.06572751936462305
503,0,0,0,0.19567654794445896,0.1528382739722295,9.71527360070009,0.05237072969389531
504,0,0,0,0.1968980142317938,0.15344900711589693,9.728385921558177,0.04460251004258933
505,0,0,0,0.19273013510447035,0.1513650675522352,9.665654046748783,0.040685864048585145
506,0,0,0,0.1933138200529005,0.15165691002645026,9.675169408855046,0.03475934947194849
507,0,0,0,0.1916598310426697,0.15082991552133487,9.64853974767327,0.033180824196172076
508,0,0,0,0.19274353941761047,0.15137176970880523,9.663311359683178,0.03079390218266187
509,0,0,0,0.19372816606559784,0.15186408303279894,9.678559836425501,0.0234601142492995
510,0,0,0,0.19532311049085235,0.15266155524542618,9.697688095228703,0.023217744727098078
511,0,0,0,0.19863912160805575,0.15431956080402787,9.74851865328373,0.03008872245990358
512,0,0,0,0.20036533068124654,0.15518266534062328,9.769562116380639,0.038050906683404155
513,0,0,0,0.19946449017694298,0.1547322450884715,9.752688799637678,0.041172105547200584
514,0,0,0,0.19741921781942598,0.153709608909713,9.724714118024014,0.04095817500089143
515,0,0,0,0.200381273964026,0.155190636982013,9.771942109557346,0.04373009401716439
516,0,0,0,0.20097000417820113,0.15548500208910057,9.78850731128614,0.047003326262414845
517,0,0,0,0.20362234680915486,0.15681117340457745,9.829049789973595,0.04902079083496586
518,0,0,0,0.20442982752344166,0.15721491376172084,9.844166722945394,0.04984110190954187
519,0,0,0,0.20256513060836936,0.15628256530418472,9.811810695892504,0.04355889977734816
520,0,0,0,0.1995931977351938,0.15479659886759692,9.769659294409738,0.035595761181614616
521,0,0,0,0.20073248055356802,0.15536624027678403,9.788509265418437,0.033922046945837434
522,0,0,0,0.20039477116959248,0.15519738558479623,9.781168791680624,0.03356860821076954
523,0,0,0,0.19997074091603184,0.15498537045801591,9.775261314190296,0.031958156764587485
524,0,0,0,0.20040366586595665,0.15520183293297832,9.7821744654409,0.0242009553726043
525,0,0,0,0.19927202998271587,0.15463601499135793,9.768181868223193,0.024570644668689107
526,0,0,0,0.1980558394812098,0.1540279197406049,9.756546805658687,0.02701469117917111
527,0,0,0,0.19895662154141439,0.1544783107707072,9.765279042072208,0.02461864384810387
528,0,0,0,0.2003153527893769,0.15515767639468847,9.789336238105005,0.014828440043423274
529,0,0,0,0.19955397171597078,0.15477698585798538,9.782749860917322,0.010197297376616279
530,0,0,0,0.19990248776696862,0.1549512438834843,9.791362069311232,0.010924533870362801
531,0,0,0,0.20206528423107056,0.15603264211553527,9.82453509012756,0.01764832405043019
532,0,0,0,0.20045855563998444,0.15522927781999224,9.80180266582335,0.018648221964347917
533,0,0,0,0.20062258773873554,0.1553112938693678,9.803166136276214,0.01925131832875547
534,0,0,0,0.2005504219664461,0.15527521098322306,9.80132975618196,0.019672664252890673
535,0,0,0,0.2013927670102077,0.15569638350510384,9.813560257948009,0.019712573106075795
536,0,0,0,0.19966804843415942,0.1548340242170797,9.788859530738433,0.01572227190559892
537,0,0,0,0.20009001159455306,0.15504500579727654,9.793235506189715,0.012027188948406022
538,0,0,0,0.2005531089126109,0.15527655445630545,9.802062183100716,0.011603820519976864
539,0,0,0,0.20122217794258768,0.15561108897129383,9.811899835791891,0.010440438639737756
540,0,0,0,0.20422813134552048,0.15711406567276026,9.86029612514261,0.019331957447261836
541,0,0,0,0.20296206689883783,0.15648103344941894,9.838894787614942,0.020828154053941367
542,0,0,0,0.20502705946894384,0.15751352973447194,9.871645272875913,0.02715187833330699
543,0,0,0,0.20269664563073606,0.15634832281536803,9.833370909742946,0.02695799406041006
544,0,0,0,0.20091883442792421,0.15545941721396211,9.811107078639395,0.02637924837457068
545,0,0,0,0.1987194446112818,0.15435972230564093,9.779224211289854,0.029382231792131976
546,0,0,0,0.19722154949702142,0.1536107747485107,9.757123310369,0.03384744144699366
547,0,0,0,0.19810086379495187,0.15405043189747594,9.768226583946419,0.036266126725930534
548,0,0,0,0.19590292438707713,0.15295146219353856,9.73379793429166,0.04346517874294027
549,0,0,0,0.1976452764280796,0.1538226382140398,9.760387573090732,0.04553032148892593
550,0,0,0,0.1976377735678138,0.15381888678390693,9.759446466128455,0.042433324289816485
551,0,0,0,0.1939523925965608,0.1519761962982804,9.70264091193117,0.046637577112759995
552,0,0,0,0.19449362446155335,0.15224681223077668,9.716028218581183,0.03782292652436268
553,0,0,0,0.19513793230666182,0.15256896615333093,9.723457313524797,0.030853065877568017
554,0,0,0,0.19346284245094025,0.15173142122547015,9.69296202238619,0.0281297949132982
555,0,0,0,0.19336368495229522,0.1516818424761476,9.687051157174489,0.028643839110748456
556,0,0,0,0.1910790443617694,0.1505395221808847,9.656918637241606,0.03439227368455276
557,0,0,0,0.19185211412923828,0.15092605706461915,9.672315264777527,0.032975754732850984
558,0,0,0,0.1937757476821238,0.15188787384106192,9.699252630036963,0.03215340383231932
559,0,0,0,0.19526638209441471,0.15263319104720735,9.721490300427162,0.02747804561648876
560,0,0,0,0.1960838021294533,0.15304190106472668,9.73108456809712,0.02254194999972918
561,0,0,0,0.1950204389896967,0.15251021949484836,9.716063374186124,0.023034416202234738
562,0,0,0,0.19447959853964647,0.15223979926982326,9.707840036565967,0.022651543599287605
563,0,0,0,0.19393633367364538,0.1519681668368227,9.698379428605131,0.021360531022510256
564,0,0,0,0.19373610433252442,0.15186805216626223,9.690464653809293,0.021436362418150112
565,0,0,0,0.19336414798869803,0.15168207399434902,9.685005177295553,0.021550169189903257
566,0,0,0,0.19614639635654832,0.15307319817827414,9.724161135077157,0.01790144730777082
567,0,0,0,0.19672069560626956,0.15336034780313482,9.730833386744822,0.015834789193698805
568,0,0,0,0.1943834229827311,0.15219171149136557,9.698983825718352,0.015854003710498405
569,0,0,0,0.19376784570377278,0.1518839228518864,9.692056943328803,0.016254647653730785
570,0,0,0,0.1947183629968149,0.15235918149840744,9.703208744719081,0.014233418074021769
571,0,0,0,0.19634118708095982,0.1531705935404799,9.730477058517868,0.015938840734593607
572,0,0,0,0.19346676327241139,0.1517333816362057,9.686874999817551,0.016925740272417937
573,0,0,0,0.19564801045582678,0.1528240052279134,9.716347626237178,0.017180785300871245
574,0,0,0,0.1994446631791826,0.1547223315895913,9.772716123005075,0.025516769098896098
575,0,0,0,0.19792063005732455,0.15396031502866228,9.751197642185897,0.025704224912368914
576,0,0,0,0.1977080539001361,0.15385402695006806,9.749518533802306,0.027133048503789524
577,0,0,0,0.19999409085126957,0.1549970454256348,9.781479590180227,0.032313441235331246
578,0,0,0,0.20033415443483032,0.15516707721741518,9.79128276083543,0.035636540075034605
579,0,0,0,0.20154676286645307,0.15577338143322655,9.810131393116638,0.03809454195233623
580,0,0,0,0.20236133160477476,0.1561806658023874,9.822501902694736,0.040394772019828155
581,0,0,0,0.20161740383393126,0.15580870191696566,9.81664669327179,0.0420668503548693
582,0,0,0,0.1984539868591867,0.15422699342959334,9.767526615953006,0.031879611316382485
583,0,0,0,0.19815535180739485,0.15407767590369745,9.760143735903231,0.025484937757240825
584,0,0,0,0.19940406982940864,0.15470203491470433,9.778890344513684,0.025319171461198765
585,0,0,0,0.1970701698511937,0.15353508492559687,9.744687934652594,0.026195237828061452
586,0,0,0,0.19426806754629053,0.15213403377314527,9.70117786491279,0.034831820746227406
587,0,0,0,0.19309680542911511,0.15154840271455755,9.69122449663417,0.04328509728094822
588,0,0,0,0.19138170973234844,0.15069085486617423,9.667252961417677,0.05187490926253037
589,0,0,0,0.19298948385377493,0.15149474192688747,9.689561016735835,0.051908291184904996
590,0,0,0,0.1924737545149518,0.15123687725747592,9.677384618228857,0.048065215118197724
591,0,0,0,0.19035124509666995,0.150175622548335,9.641905073927717,0.04484407042620198
592,0,0,0,0.18892106013585716,0.1494605300679286,9.62012186450815,0.04825789508449797
593,0,0,0,0.18827661095499443,0.1491383054774972,9.60966031984545,0.049734828254182115
594,0,0,0,0.18854481766390524,0.14927240883195264,9.615098158586509,0.04147529914750115
595,0,0,0,0.1894317890110017,0.14971589450550082,9.625687052287503,0.03342662757717446
596,0,0,0,0.18880712963875357,0.1494035648193768,9.612988779959107,0.03136158374403013
597,0,0,0,0.18767027490621813,0.14883513745310908,9.593888735108145,0.030628315714171392
598,0,0,0,0.18576474929174552,0.14788237464587278,9.568284674051572,0.034470836412330993
599,0,0,0,0.18584953820162797,0.14792476910081398,9.568652985687484,0.03088386378006251
600,0,0,0,0.18620423918455328,0.14810211959227665,9.573224692799501,0.02442621117347486
601,0,0,0,0.1853201995423364,0.1476600997711682,9.560118096493635,0.023695490975451795
602,0,0,0,0.18709637190543654,0.1485481859527183,9.58381401942396,0.022272039846089647
603,0,0,0,0.18936087227226528,0.14968043613613266,9.611864836419022,0.022464328334173403
604,0,0,0,0.18893616586800305,0.14946808293400152,9.604423222919852,0.021545903799543575
605,0,0,0,0.1869615707988735,0.14848078539943677,9.58075403050876,0.01810737057042442
606,0,0,0,0.18909264056238034,0.1495463202811902,9.610910317231482,0.017803485094250802
607,0,0,0,0.18937151400690513,0.14968575700345257,9.609391429929607,0.01908700110140605
608,0,0,0,0.188397859924134,0.149198929962067,9.59658601968292,0.01815633951539988
609,0,0,0,0.1887489471305953,0.14937447356529765,9.603719334408622,0.017052603256887428
610,0,0,0,0.19110556107135995,0.15055278053567997,9.634839256583737,0.019566588950255984
611,0,0,0,0.19160101708745864,0.15080050854372934,9.637580603272655,0.01762288277818015
612,0,0,0,0.19408172585717803,0.15204086292858904,9.677254106702055,0.025608666324621016
613,0,0,0,0.19355418691081305,0.15177709345540652,9.675589490024283,0.03097164730530129
614,0,0,0,0.19380229880130004,0.15190114940065005,9.6795201194718,0.034441493528109456
615,0,0,0,0.1959865369649011,0.15299326848245054,9.709413246049552,0.03732295388851305
616,0,0,0,0.19474968788136462,0.15237484394068232,9.687518694684615,0.037711678299334556
617,0,0,0,0.19484539631000264,0.1524226981550013,9.684498110484935,0.03609326961183274
618,0,0,0,0.19575103795876667,0.15287551897938334,9.7002944283582,0.03135861088246053
619,0,0,0,0.19456399601229085,0.15228199800614542,9.679482631207996,0.022593122280352037
620,0,0,0,0.19284672394752883,0.15142336197376444,9.658937360471644,0.019011769809726117
621,0,0,0,0.19133415494530664,0.15066707747265334,9.635320224514818,0.01950989360063491
622,0,0,0,0.1909358494368124,0.1504679247184062,9.636583601866509,0.02327958173515655
623,0,0,0,0.19195380008569937,0.1509769000428497,9.651640116328334,0.02427705790543193
624,0,0,0,0.19425379269383847,0.15212689634691925,9.688740976854849,0.02470433971529028
625,0,0,0,0.19083586738845176,0.1504179336942259,9.642707156129575,0.022983073551754368
626,0,0,0,0.19154415482320702,0.1507720774116035,9.65060122716545,0.022276114331178924
627,0,0,0,0.19032711908018418,0.15016355954009208,9.629219365051846,0.02307041149151252
628,0,0,0,0.19209943156458503,0.15104971578229254,9.65256260146364,0.018092982018456476
629,0,0,0,0.19220313512884588,0.15110156756442295,9.65572512809426,0.01582161760217993
630,0,0,0,0.19034265252385055,0.15017132626192528,9.626558739536197,0.016974129033459125
631,0,0,0,0.19399937506481824,0.15199968753240914,9.678643508192058,0.01887158655159995
632,0,0,0,0.19305177224877262,0.15152588612438633,9.66056255869682,0.018366207226874362
633,0,0,0,0.19386440855734227,0.15193220427867116,9.669872761925745,0.018966783301462304
634,0,0,0,0.19311936044255018,0.1515596802212751,9.656790406638253,0.01547012356498791
635,0,0,0,0.19205805419659772,0.15102902709829888,9.644599947896625,0.015362502897764783
636,0,0,0,0.19265314631151398,0.15132657315575698,9.653214187630452,0.015349969778181717
637,0,0,0,0.19292305823035186,0.15146152911517594,9.663031911269044,0.013387414089568304
638,0,0,0,0.19183545663302787,0.15091772831651395,9.648824425432995,0.013533927537889007
639,0,0,0,0.19066947613356178,0.1503347380667809,9.629168380506812,0.015714472182082835
640,0,0,0,0.19075537793078573,0.15037768896539289,9.635259215383893,0.014405788123849433
641,0,0,0,0.18951636947502942,0.14975818473751473,9.612720971824155,0.016543620581424213
642,0,0,0,0.18851075848913001,0.149255379244565,9.60029209878722,0.021024038667392064
643,0,0,0,0.18790373366220747,0.14895186683110373,9.594521044560892,0.02288198180380712
644,0,0,0,0.1885382613616171,0.14926913068080855,9.609994165741929,0.02249216789876327
645,0,0,0,0.19009119847032468,0.15004559923516234,9.636695140875617,0.022070694561405067
646,0,0,0,0.18838546628582511,0.1491927331429126,9.608329039600346,0.021105183607047513
647,0,0,0,0.18907002389269645,0.14953501194634822,9.617152338715817,0.016602763178207924
648,0,0,0,0.19196659558641604,0.15098329779320804,9.663188861428084,0.01946933038611738
649,0,0,0,0.19202195725911841,0.1510109786295592,9.663188128875783,0.023251141340879754
650,0,0,0,0.19344662077244762,0.15172331038622383,9.688814129159873,0.03029699783038061
651,0,0,0,0.19474051753263028,0.15237025876631513,9.706190624566396,0.037292472376015365
652,0,0,0,0.19181924165110345,0.15090962082555173,9.661626212892562,0.03544684856552731
653,0,0,0,0.19358529851384382,0.1517926492569219,9.685256483088455,0.03289286861486457
654,0,0,0,0.19242716371225463,0.15121358185612732,9.673340009995792,0.029749198855120187
655,0,0,0,0.19326793319643853,0.15163396659821926,9.686261940625387,0.029518727139646133
656,0,0,0,0.19380973366472354,0.15190486683236176,9.689605369980068,0.023221489908418193
657,0,0,0,0.19390871916447408,0.15195435958223702,9.692615200227728,0.014208859364944074
658,0,0,0,0.19371918890323903,0.15185959445161953,9.687485503817493,0.01297800713761378
659,0,0,0,0.1938478731197567,0.15192393655987838,9.692301901855352,0.011260621695810156
660,0,0,0,0.1961594373722175,0.15307971868610876,9.72631727748962,0.01648847601750021
661,0,0,0,0.20060859289035393,0.155304296445177,9.79594837756119,0.03585807357993895
662,0,0,0,0.20215211546689146,0.15607605773344574,9.815672615120258,0.04762071206499489
663,0,0,0,0.20141137088339472,0.15570568544169736,9.806471476624449,0.053680833720609535
664,0,0,0,0.20092182172350326,0.15546091086175165,9.800282165903194,0.05458646678210393
665,0,0,0,0.20006696750172293,0.15503348375086146,9.787837735011584,0.05320593085419955
666,0,0,0,0.20052921305912333,0.15526460652956167,9.796030703991637,0.050757912713348216
667,0,0,0,0.19868022430145796,0.154340112150729,9.771690386101218,0.04551823063853768
668,0,0,0,0.20098149484351957,0.1554907474217598,9.800988024044857,0.03746407713205388
669,0,0,0,0.20351805621159982,0.15675902810579992,9.838009222717922,0.027883429555357643
670,0,0,0,0.20245665013663483,0.1562283250683174,9.821528838798573,0.0174915363787722
671,0,0,0,0.20229860918279546,0.15614930459139773,9.821785812074875,0.018091207417048248
672,0,0,0,0.2019557154003838,0.1559778577001919,9.817102186082083,0.018172307592547902
673,0,0,0,0.20079046591389388,0.15539523295694696,9.803280259841241,0.018192267319328426
674,0,0,0,0.20133435982930098,0.1556671799146505,9.812934460339187,0.018200761620954107
675,0,0,0,0.1999744431945899,0.15498722159729497,9.797858192517538,0.017368466847518187
676,0,0,0,0.20033842816784866,0.15516921408392437,9.806420545565333,0.016919106919186546
677,0,0,0,0.2011165423112983,0.15555827115564919,9.81613423213783,0.01144431129145908
678,0,0,0,0.1999991377639509,0.15499956888197547,9.802118969182,0.01132403368050076
679,0,0,0,0.2041867399830217,0.15709336999151086,9.861799906530894,0.01716851362707081
680,0,0,0,0.2064384253391257,0.15821921266956288,9.897221815402855,0.029877192974878758
681,0,0,0,0.2063142173104361,0.15815710865521806,9.891830604379718,0.03616457964402068
682,0,0,0,0.2069557626326161,0.15847788131630808,9.900239505943741,0.04128365040620914
683,0,0,0,0.20349640290222287,0.15674820145111146,9.846074392236117,0.03954212139060392
684,0,0,0,0.20475672619053562,0.15737836309526781,9.865032725761848,0.03862440163012963
685,0,0,0,0.2063561113087221,0.15817805565436108,9.8882157272842,0.036220995516393274
686,0,0,0,0.20343066815122554,0.15671533407561278,9.841749027941553,0.032608515253815314
687,0,0,0,0.2018441622917621,0.15592208114588108,9.819011035681541,0.032221454339620585
688,0,0,0,0.2006215294668111,0.15531076473340558,9.801482176756679,0.03233882437958436
689,0,0,0,0.20184341718213816,0.1559217085910691,9.818575831418178,0.03477542573275389
690,0,0,0,0.2009653747415494,0.15548268737077472,9.808374872222048,0.03469935878113019
691,0,0,0,0.20008217983759974,0.1550410899187999,9.79272181207494,0.034934752708231744
692,0,0,0,0.20180370202323716,0.1559018510116186,9.817956135462149,0.028424677379606515
693,0,0,0,0.20049480594586058,0.1552474029729303,9.792854904111824,0.029848252427848335
694,0,0,0,0.2027051738840026,0.15635258694200133,9.828982874315004,0.026764605657023682
695,0,0,0,0.20321371350625858,0.1566068567531293,9.834616061296272,0.015946101137904085
696,0,0,0,0.20539317754171757,0.1576965887708588,9.86826743163752,0.02135608405937986
697,0,0,0,0.2053515676012181,0.15767578380060904,9.870648393112042,0.02652480028955131
698,0,0,0,0.20439499261016433,0.15719749630508217,9.858888736755809,0.0273489337424253
699,0,0,0,0.20345143450838538,0.1567257172541927,9.84471659596397,0.02745867824735783
700,0,0,0,0.19705986959417737,0.1535299347970887,9.742719207867856,0.03807327102877341
701,0,0,0,0.19440701434928398,0.15220350717464198,9.70455154350079,0.052178654606936124
702,0,0,0,0.1912507665950997,0.15062538329754985,9.655201520270285,0.07110999459300486
703,0,0,0,0.1916975571071406,0.15084877855357032,9.662020841398983,0.08238909171654929
704,0,0,0,0.19453456150868917,0.1522672807543446,9.704485298711656,0.08449322010294323
705,0,0,0,0.19609350587575408,0.15304675293787706,9.72934161866384,0.08290452319490539
706,0,0,0,0.19524417323465892,0.15262208661732946,9.719969455256912,0.07591067879035823
707,0,0,0,0.19224927275492676,0.15112463637746337,9.672691895098161,0.06695589474351021
708,0,0,0,0.19568137153593218,0.15284068576796608,9.722931315452547,0.0512571369782178
709,0,0,0,0.19487177434275338,0.1524358871713767,9.713369646865043,0.028196964076686863
710,0,0,0,0.19209788169594277,0.15104894084797138,9.668503548505416,0.026404436320569647
711,0,0,0,0.19356359922836608,0.15178179961418306,9.689086294575779,0.026270231281182065
712,0,0,0,0.1912549724655735,0.15062748623278674,9.65040571480447,0.027003313875546567
713,0,0,0,0.19117962565213273,0.15058981282606637,9.64888442846637,0.028754790267608195
714,0,0,0,0.1933872226479761,0.15169361132398806,9.68472266467673,0.028504548685050236
715,0,0,0,0.19211284344151977,0.1510564217207599,9.67189525113047,0.025639871518570594
716,0,0,0,0.190384766500301,0.1501923832501505,9.650202657480214,0.024433739827828673
717,0,0,0,0.19106114106535182,0.1505305705326759,9.665742798848374,0.024651887551799638
718,0,0,0,0.1936382636192875,0.15181913180964376,9.699027246064931,0.02091693898539855
719,0,0,0,0.1929923553989517,0.15149617769947588,9.68928594799791,0.017348590819401922
720,0,0,0,0.19797937022870432,0.15398968511435215,9.764051545149126,0.0325590651602395
721,0,0,0,0.1972113297766372,0.1536056648883186,9.750664441702668,0.038689519375680284
722,0,0,0,0.19580473592235637,0.15290236796117818,9.730649419164848,0.038487209359349135
723,0,0,0,0.19550626199358256,0.15275313099679128,9.72813857306244,0.03615908224181521
724,0,0,0,0.1993155076999892,0.1546577538499946,9.787567838546595,0.04329507367894042
725,0,0,0,0.20082298569573084,0.15541149284786543,9.811957158803663,0.04968240085562055
726,0,0,0,0.19811245413881287,0.15405622706940644,9.769557420612617,0.04358691688574266
727,0,0,0,0.1973963704509049,0.15369818522545245,9.760163827933543,0.036142100099377544
728,0,0,0,0.19661836935556837,0.1533091846777842,9.750870173982971,0.032076378134047685
729,0,0,0,0.19860672234583138,0.1543033611729157,9.779262767853023,0.024243258181648113
730,0,0,0,0.1986527987275773,0.15432639936378867,9.776121410869294,0.024549731761299657
731,0,0,0,0.19812713391158024,0.15406356695579013,9.762938697206383,0.024130805730137626
732,0,0,0,0.19500363329032838,0.1525018166451642,9.72338762853677,0.02525828212117704
733,0,0,0,0.19506559372966656,0.1525327968648333,9.72417418206027,0.02585767154201851
734,0,0,0,0.1943812777964305,0.15219063889821527,9.71464248996286,0.028500225381122398
735,0,0,0,0.19476538059144397,0.152382690295722,9.720554478704525,0.02377266643687102
736,0,0,0,0.1946678557173456,0.1523339278586728,9.721144032140755,0.023853158229853635
737,0,0,0,0.19257900247259724,0.1512895012362986,9.691267598673555,0.027643485583425
738,0,0,0,0.19408430507992708,0.15204215253996356,9.71413432887893,0.02792080818639645
739,0,0,0,0.19390934259880033,0.15195467129940016,9.709710036239642,0.023835130794364816
740,0,0,0,0.19274451720275143,0.15137225860137574,9.691796864698858,0.018961285318230044
741,0,0,0,0.1932643303803384,0.15163216519016923,9.699113298706923,0.01202239075215596
742,0,0,0,0.1956241574747576,0.1528120787373788,9.735439088591777,0.013692522248828177
743,0,0,0,0.19389542104055302,0.15194771052027653,9.706247332295932,0.013170736723280379
744,0,0,0,0.19707300147542,0.15353650073771002,9.756046128219703,0.019048403953400586
745,0,0,0,0.19390479939387967,0.15195239969693985,9.70629746185831,0.019078804516358953
746,0,0,0,0.19682351521910485,0.15341175760955242,9.746345600072061,0.021485042765454952
747,0,0,0,0.19374649162355145,0.15187324581177575,9.70104073781322,0.020556381326387384
748,0,0,0,0.1956394476668356,0.15281972383341783,9.729385249770814,0.020878819276270173
749,0,0,0,0.1936509973739721,0.15182549868698608,9.698151045817006,0.021620440123350335
750,0,0,0,0.19506487737865613,0.1525324386893281,9.719352753068964,0.019923842805108977
751,0,0,0,0.19719588397406876,0.1535979419870344,9.746431883427407,0.020081108470939708
752,0,0,0,0.19661991387593125,0.15330995693796565,9.739834131027152,0.0203624172971737
753,0,0,0,0.19536307773423334,0.15268153886711666,9.722722707169918,0.019430695201873658
754,0,0,0,0.19722437478533336,0.1536121873926667,9.751525275269508,0.018781148850805923
755,0,0,0,0.1981928002618381,0.15409640013091908,9.767963964314443,0.021228329353014087
756,0,0,0,0.19933766627370958,0.15466883313685478,9.786838904245654,0.02668643784913241
757,0,0,0,0.1992597263103384,0.1546298631551692,9.784795233295414,0.02743103815085485
758,0,0,0,0.19876532050819995,0.15438266025409997,9.776307902881149,0.028405901120960184
759,0,0,0,0.19533137981401488,0.15266568990700746,9.724348476429032,0.024498662049961793
760,0,0,0,0.19644376169580866,0.15322188084790433,9.738879545307014,0.02251565013281628
761,0,0,0,0.19537613135715565,0.15268806567857784,9.720911920727097,0.02457674973387293
762,0,0,0,0.19313144828023027,0.15156572414011513,9.687911106585641,0.03109496156840151
763,0,0,0,0.19819819844794373,0.15409909922397186,9.761314512476421,0.03032443943567373
764,0,0,0,0.19880550001054664,0.15440275000527331,9.766416343203893,0.030721879134780652
765,0,0,0,0.19836607245089588,0.15418303622544793,9.755971568488949,0.030289502406415283
766,0,0,0,0.20035215430903439,0.1551760771545172,9.783598657471673,0.02991262180664764
767,0,0,0,0.2013560151398943,0.15567800756994715,9.800046033450569,0.031963884792359364
768,0,0,0,0.20171202103193148,0.15585601051596573,9.80444153620999,0.03510149646744418
769,0,0,0,0.20215323152772716,0.15607661576386359,9.812956050666537,0.03750277066386252
770,0,0,0,0.20436849077999572,0.15718424538999787,9.84300132481992,0.043298840976529356
771,0,0,0,0.20123779522461946,0.15561889761230974,9.798546853341286,0.039978311772407994
772,0,0,0,0.20209125159740926,0.15604562579870462,9.813120181986044,0.02583759164715203
773,0,0,0,0.2005215079001682,0.15526075395008412,9.786998016482539,0.023650684527670725
774,0,0,0,0.20080780316870295,0.1554039015843515,9.793102442047854,0.021513566878421618
775,0,0,0,0.2039728836184473,0.15698644180922364,9.842342189382906,0.019694295288697483
776,0,0,0,0.20174126595527742,0.15587063297763873,9.81221338223765,0.017971277466858285
777,0,0,0,0.20061643517903138,0.1553082175895157,9.795735301077425,0.018270317726668466
778,0,0,0,0.20379202919771697,0.1568960145988585,9.84421189722542,0.020736173610918746
779,0,0,0,0.20591322899906497,0.15795661449953252,9.878318802286882,0.02824775672732663
780,0,0,0,0.20608095002946097,0.1580404750147305,9.882247114709356,0.033333764515627036
781,0,0,0,0.20506956218441433,0.15753478109220717,9.869020691570865,0.03449259050201716
782,0,0,0,0.20203936412408321,0.15601968206204161,9.827780256515751,0.03397814295702147
783,0,0,0,0.2003110725114073,0.15515553625570366,9.801786887173298,0.03221105361754915
784,0,0,0,0.19896478780666957,0.1544823939033348,9.775094625348647,0.034877883191849354
785,0,0,0,0.19895429395323294,0.1544771469766165,9.773400163643943,0.038906312309823665
786,0,0,0,0.20204897954631168,0.15602448977315586,9.819431871234531,0.0387106519885199
787,0,0,0,0.20083872854153526,0.15541936427076763,9.802513411472152,0.0382187029491702
788,0,0,0,0.20054552072978368,0.15527276036489185,9.797880140372174,0.03870272774648397
789,0,0,0,0.20192902275184746,0.15596451137592376,9.819006678298475,0.03398974899663069
790,0,0,0,0.19943095089120022,0.15471547544560013,9.776937188942762,0.027844460638464026
791,0,0,0,0.1981977300680064,0.15409886503400322,9.760371635518009,0.021782997472420053
792,0,0,0,0.19981702423123668,0.15490851211561835,9.786717879063563,0.01898668503763217
793,0,0,0,0.1993556386999749,0.15467781934998745,9.781992332886558,0.018822788491013053
794,0,0,0,0.19787806051472653,0.15393903025736327,9.758702026292502,0.020619600842926494
795,0,0,0,0.1975489809290849,0.15377449046454245,9.750157310636173,0.023243079858559838
796,0,0,0,0.1980321969196347,0.15401609845981734,9.757839699352257,0.021496240283515607
797,0,0,0,0.19747095755599592,0.15373547877799795,9.748991577216483,0.021690377586838977
798,0,0,0,0.1966842627676973,0.15334213138384867,9.733016238044412,0.023184460638353863
799,0,0,0,0.19472286703166172,0.15236143351583087,9.705089560367396,0.02300158638217637
800,0,0,0,0.19409169374895802,0.15204584687447903,9.69650438652594,0.027824772291204777
801,0,0,0,0.1947615037029748,0.1523807518514874,9.702696922988947,0.03049874187783923
802,0,0,0,0.19469154957236232,0.15234577478618117,9.698969406792589,0.02900632702605722
803,0,0,0,0.19591138485475101,0.1529556924273755,9.7164226903889,0.024310933498692365
804,0,0,0,0.19528163714062097,0.15264081857031048,9.70959730458856,0.022251088380338045
805,0,0,0,0.19606130814669645,0.15303065407334826,9.720359422674218,0.020169072263272667
806,0,0,0,0.19584284836934399,0.152921424184672,9.716524901537387,0.015461533567512665
807,0,0,0,0.1938993974251178,0.15194969871255892,9.685737132704082,0.012916056613499219
808,0,0,0,0.19359224021881857,0.1517961201094093,9.678668540483756,0.012887421562470325
809,0,0,0,0.19336376481179546,0.15168188240589775,9.673574618182345,0.015577607065979819
810,0,0,0,0.1902741119175318,0.15013705595876592,9.628843395180828,0.02647088407237866
811,0,0,0,0.18977806725066387,0.14988903362533196,9.623392281276448,0.03339382287527964
812,0,0,0,0.19243447886953757,0.15121723943476878,9.660252942573454,0.033815723026938464
813,0,0,0,0.19285920819114405,0.15142960409557205,9.6700609034381,0.031806075424263024
814,0,0,0,0.19402711237424697,0.15201355618712348,9.679079684659104,0.029910920943077336
815,0,0,0,0.19366814959804923,0.15183407479902464,9.675892939213577,0.025636128363652297
816,0,0,0,0.196028619848588,0.153014309924294,9.70990259685813,0.024463884765281378
817,0,0,0,0.1971668007275627,0.15358340036378137,9.722677141897773,0.029126296905671523
818,0,0,0,0.19806495005963293,0.15403247502981648,9.739371480754668,0.035469569767916806
819,0,0,0,0.19862433420425005,0.15431216710212503,9.746695130479301,0.040866986406971985
820,0,0,0,0.20195288897756214,0.1559764444887811,9.797158589753373,0.048048350612771636
821,0,0,0,0.2012416537154253,0.15562082685771267,9.78401285655119,0.045726845113363966
822,0,0,0,0.20164520801808833,0.15582260400904419,9.793777510417831,0.04625771511324217
823,0,0,0,0.2003290378963254,0.15516451894816272,9.77788990302768,0.04305119576484318
824,0,0,0,0.19863737262049166,0.15431868631024587,9.753750638748603,0.037495530851457626
825,0,0,0,0.19799121991662597,0.153995609958313,9.743045735743873,0.028547405508918523
826,0,0,0,0.19857663986987897,0.15428831993493952,9.751811760224669,0.02407708815073692
827,0,0,0,0.1995570602490174,0.1547785301245087,9.769695172368909,0.020447892491312247
828,0,0,0,0.20082818982805925,0.15541409491402963,9.78449955288841,0.019067922531578182
829,0,0,0,0.20125279261819212,0.15562639630909605,9.788543562870085,0.01800532044794965
830,0,0,0,0.1989853980967402,0.1544926990483701,9.75746226720807,0.01689597654492809
831,0,0,0,0.1993815528349644,0.15469077641748222,9.765989165476881,0.01630387395914166
832,0,0,0,0.1965418733728025,0.15327093668640127,9.723109114814134,0.01897590686525144
833,0,0,0,0.19709001150813368,0.15354500575406685,9.72868522168955,0.02043223698324768
834,0,0,0,0.19495135537175673,0.15247567768587839,9.696575401256048,0.027293712906129326
835,0,0,0,0.1943805498512678,0.15219027492563392,9.690030521702116,0.03288803925156936
836,0,0,0,0.19656478597589874,0.1532823929879494,9.724864485111755,0.03337237850298929
837,0,0,0,0.19540887052071526,0.15270443526035765,9.707635105831642,0.03359059929868932
838,0,0,0,0.19611638379057042,0.15305819189528524,9.716030125606459,0.029937141929366477
839,0,0,0,0.1960686605229423,0.15303433026147117,9.713347927887138,0.022870639649859026
840,0,0,0,0.196272869756263,0.15313643487813153,9.71578116866382,0.019670079357068188
841,0,0,0,0.19454294304083558,0.1522714715204178,9.692369155346316,0.013081544578180124
842,0,0,0,0.19341704091216105,0.15170852045608055,9.671548641498775,0.01684930446065251
843,0,0,0,0.1909224151694277,0.15046120758471387,9.635932716351377,0.02513043596212427
844,0,0,0,0.19098214463025773,0.15049107231512887,9.635591060517516,0.03105250580917671
845,0,0,0,0.19057606821577566,0.15028803410788785,9.634662805766466,0.03526031360926768
846,0,0,0,0.18934553772093787,0.14967276886046896,9.615563875640364,0.0379756976831121
847,0,0,0,0.18857792673279608,0.14928896336639808,9.609722272088046,0.04053769016158553
848,0,0,0,0.18960287219204555,0.1498014360960228,9.62498011537614,0.03798613057761112
849,0,0,0,0.18956582986748402,0.14978291493374202,9.625207827247909,0.03335695982626582
850,0,0,0,0.18933860610376477,0.1496693030518824,9.623695160304202,0.024355737527556445
851,0,0,0,0.19054628366130716,0.1502731418306536,9.644684157051724,0.01640429552151843
852,0,0,0,0.19111260197043095,0.1505563009852155,9.650584056570114,0.01197911035548592
853,0,0,0,0.1939646927868394,0.1519823463934197,9.696144096685392,0.023248181164817392
854,0,0,0,0.1924784259455391,0.15123921297276954,9.675054184420015,0.026014445670282164
855,0,0,0,0.19383360570966493,0.15191680285483247,9.698241138338236,0.03118179224137296
856,0,0,0,0.19494702549579335,0.15247351274789667,9.712812941969373,0.03498501174470827
857,0,0,0,0.19690840624505243,0.15345420312252622,9.744527070683818,0.04010901961469393
858,0,0,0,0.19602217712804412,0.15301108856402207,9.730346074543878,0.04083839715889587
859,0,0,0,0.19613847725945002,0.15306923862972502,9.737763131032185,0.03964351652846498
860,0,0,0,0.19495223162416414,0.1524761158120821,9.720197752614029,0.033216005908939424
861,0,0,0,0.19617514406988995,0.153087572034945,9.733467279375063,0.028497613407232534
862,0,0,0,0.19524447656306998,0.15262223828153498,9.720913406554638,0.020560872286555947
863,0,0,0,0.19326656197848952,0.15163328098924475,9.687212171854808,0.021612289927787
864,0,0,0,0.19094634580681402,0.150473172903407,9.65193826633797,0.026546744059761124
865,0,0,0,0.19020093430400964,0.1501004671520048,9.6376504214772,0.03497115243121586
866,0,0,0,0.19340203045908835,0.1517010152295442,9.686288214293786,0.03548361817298703
867,0,0,0,0.1926523392140513,0.15132616960702566,9.673215485486875,0.03396253251133981
868,0,0,0,0.18997163019864527,0.14998581509932266,9.63006671038287,0.037519850907165295
869,0,0,0,0.19285842588269045,0.1514292129413452,9.67289787313326,0.03375151637744497
870,0,0,0,0.19299866595194126,0.15149933297597062,9.670915450667714,0.03122808336938726
871,0,0,0,0.19254806461086205,0.15127403230543102,9.663124839941206,0.024868924702768982
872,0,0,0,0.19215099842292005,0.15107549921146002,9.656878264437546,0.018112429275610346
873,0,0,0,0.19006152670681287,0.15003076335340643,9.62904784067643,0.018737650127975125
874,0,0,0,0.19254660342960966,0.15127330171480485,9.672194663978239,0.019149471532547445
875,0,0,0,0.19396751870713427,0.15198375935356714,9.69254395708038,0.020025124872742862
876,0,0,0,0.19565935060689643,0.1528296753034482,9.72113945139879,0.02570359531717803
877,0,0,0,0.19584827901643448,0.15292413950821723,9.724743149271648,0.03084308330067102
878,0,0,0,0.19687562847830953,0.15343781423915479,9.73668500657909,0.032423723643623316
879,0,0,0,0.19535581689244175,0.1526779084462209,9.716904638511455,0.033581656329219896
880,0,0,0,0.19708644127763025,0.15354322063881515,9.745418626891407,0.03696616982341626
881,0,0,0,0.19788973531841114,0.15394486765920556,9.757430400416899,0.03936169404295192
882,0,0,0,0.19662349179399408,0.15331174589699706,9.737187264445838,0.03677068678636796
883,0,0,0,0.1955662849853569,0.15278314249267846,9.719622132672985,0.0237416574222394
884,0,0,0,0.19515510732409752,0.15257755366204878,9.715314418720848,0.017266987489211145
885,0,0,0,0.19532088594357355,0.1526604429717868,9.720148971042722,0.013347756663706646
886,0,0,0,0.19500557416873737,0.15250278708436868,9.712227903522251,0.014147040481910015
887,0,0,0,0.1928019961744732,0.1514009980872366,9.682123384681624,0.01990536945747324
888,0,0,0,0.1961235271382526,0.15306176356912632,9.73162343805422,0.01964684010700168
889,0,0,0,0.1992404541300184,0.15462022706500922,9.776009211883201,0.02487747989964829
890,0,0,0,0.19926015455414625,0.15463007727707312,9.779374594910434,0.02879819655597724
891,0,0,0,0.19801827957215035,0.1540091397860752,9.759230791936654,0.0289549042243888
892,0,0,0,0.1991446999336085,0.15457234996680427,9.775164898354413,0.031588353773246536
893,0,0,0,0.20231809062515055,0.1561590453125753,9.820983621271957,0.03960436919912496
894,0,0,0,0.20281845562660816,0.1564092278133041,9.829655881990007,0.044894703327828946
895,0,0,0,0.19982026193501307,0.15491013096750653,9.785001855580884,0.04352733790884973
896,0,0,0,0.20308391206086845,0.15654195603043425,9.834461502741673,0.04411130803576508
897,0,0,0,0.20083539368424627,0.15541769684212314,9.804881631650039,0.031044849985367634
898,0,0,0,0.19728897352190033,0.1536444867609502,9.758044120420479,0.026833684870056808
899,0,0,0,0.196620324891278,0.153310162445639,9.751979544737193,0.029158448303816486
900,0,0,0,0.19265464416642158,0.1513273220832108,9.679448400551264,0.04425829916946023
901,0,0,0,0.19469002010613007,0.15234501005306506,9.708571907676546,0.048979916101437565
902,0,0,0,0.19531508548773552,0.15265754274386778,9.713907891467823,0.0522734774492457
903,0,0,0,0.1943138852942907,0.15215694264714535,9.695479599399873,0.05326921347580454
904,0,0,0,0.19133678172728716,0.1506683908636436,9.65514752496799,0.054887883975023186
905,0,0,0,0.1905410728733315,0.15027053643666577,9.64162437260959,0.05945479247199183
906,0,0,0,0.1912848853714467,0.15064244268572335,9.653496920236938,0.0499711958797702
907,0,0,0,0.19149805813933807,0.15074902906966903,9.65833908925118,0.03923441076274079
908,0,0,0,0.1910462209048544,0.15052311045242722,9.650512020391782,0.03392833961644856
909,0,0,0,0.1918236621499117,0.15091183107495587,9.665357103283574,0.024375646125752812
910,0,0,0,0.19222405270229104,0.15111202635114554,9.661705878833192,0.024428303501214547
911,0,0,0,0.19181503084903406,0.15090751542451705,9.657682422255458,0.021010799109596214
912,0,0,0,0.19060215879509207,0.15030107939754606,9.643225002367119,0.014293642525110199
913,0,0,0,0.18975581347093287,0.14987790673546644,9.630186884401196,0.01009542926122003
914,0,0,0,0.18945221143717467,0.14972610571858735,9.619529016483948,0.013846915467361113
915,0,0,0,0.19086717365264752,0.15043358682632377,9.640640269618382,0.013896464689691452
916,0,0,0,0.19184181892170127,0.15092090946085063,9.653559720190934,0.013898930886172356
917,0,0,0,0.19299720869082382,0.1514986043454119,9.675140117520575,0.01590844654814939
918,0,0,0,0.19251418809492207,0.15125709404746102,9.664085163117132,0.016483857510420485
919,0,0,0,0.19061706756887584,0.15030853378443793,9.63671298779101,0.016246499273073704
920,0,0,0,0.18966723691642826,0.14983361845821414,9.626800931733285,0.016722519439485235
921,0,0,0,0.19035023986213,0.15017511993106503,9.638389435995716,0.016225458647670023
922,0,0,0,0.19116050585748984,0.15058025292874494,9.647477692960827,0.016285937139423393
923,0,0,0,0.1890813713812925,0.14954068569064627,9.61275826415327,0.01838782266244024
924,0,0,0,0.19024317673133298,0.1501215883656665,9.63339744517063,0.017159704407568956
925,0,0,0,0.1909342016974213,0.15046710084871068,9.645717839699014,0.017160561709260357
926,0,0,0,0.19145363119039793,0.150726815595199,9.653274461336466,0.017143885137255767
927,0,0,0,0.19155870864698024,0.15077935432349013,9.660971313508613,0.014898564797728405
928,0,0,0,0.19199793413951036,0.15099896706975519,9.669129352715395,0.015702845034690476
929,0,0,0,0.18965483513605408,0.14982741756802703,9.633263090915339,0.01586246746270022
930,0,0,0,0.19039965780310958,0.15019982890155478,9.639027459671677,0.015086978560582272
931,0,0,0,0.18924183956174565,0.14962091978087283,9.621614684430725,0.016418077137661833
932,0,0,0,0.18939692460085492,0.14969846230042744,9.627054542438454,0.016832780499362078
933,0,0,0,0.18954030687482745,0.14977015343741373,9.623988918250928,0.01530872662672729
934,0,0,0,0.1921015595217573,0.15105077976087866,9.66474713648493,0.016635729860592797
935,0,0,0,0.19406889086364554,0.15203444543182276,9.694958113678462,0.02265109482474227
936,0,0,0,0.1953249648390769,0.15266248241953848,9.71622979428025,0.03043151961356554
937,0,0,0,0.1990789036800943,0.15453945184004714,9.770560915364495,0.0462135025839222
938,0,0,0,0.19900209488001658,0.1545010474400083,9.770520225124468,0.0558855187705647
939,0,0,0,0.19804868304812243,0.15402434152406122,9.755002097855805,0.05840969187164609
940,0,0,0,0.19958140289339238,0.1547907014466962,9.775091783375721,0.06111582991379719
941,0,0,0,0.20054136927978683,0.1552706846398934,9.794293715314613,0.060360564798041985
942,0,0,0,0.19835876488284943,0.1541793824414247,9.757754494216936,0.05264000651313805
943,0,0,0,0.19836560210371396,0.154182801051857,9.752644566785625,0.03838397942964257
944,0,0,0,0.1973818953726234,0.1536909476863117,9.73521278249317,0.028047491641775616
945,0,0,0,0.19767845476142717,0.1538392273807136,9.739376740701566,0.021341822046546416
946,0,0,0,0.19770417954349562,0.1538520897717478,9.741003617933405,0.017616607439655273
947,0,0,0,0.19626042411478856,0.15313021205739427,9.725783523689861,0.019712204442313933
948,0,0,0,0.1958540448968742,0.1529270224484371,9.718363377190062,0.021634338358907726
949,0,0,0,0.19202309393090344,0.15101154696545172,9.655874852537373,0.03524746324005404
950,0,0,0,0.19247198078221187,0.15123599039110597,9.661554899207495,0.03994059149979351
951,0,0,0,0.18993231998896193,0.14996615999448096,9.623359653272798,0.04432728724327771
952,0,0,0,0.18897584636044643,0.14948792318022322,9.608549201010543,0.050755052101261425
953,0,0,0,0.18736199218835556,0.1486809960941778,9.588261826556282,0.05613746078602938
954,0,0,0,0.18963984569885495,0.14981992284942747,9.62081249544719,0.05531659942364221
955,0,0,0,0.1868540083316891,0.14842700416584456,9.58059738625715,0.05542212497748515
956,0,0,0,0.1858159589018627,0.14790797945093137,9.56489446264386,0.052370753962465495
957,0,0,0,0.1869633401159529,0.14848167005797644,9.584579397631614,0.04436064125739954
958,0,0,0,0.18907059488316127,0.14953529744158062,9.616738366178913,0.03019993614034829
959,0,0,0,0.18926235756122545,0.14963117878061272,9.618397594623238,0.026429282517967702
960,0,0,0,0.18875235871236837,0.1493761793561842,9.611872857859037,0.019399337995720592
961,0,0,0,0.1914451143937723,0.15072255719688615,9.65154220147014,0.023860069239358943
962,0,0,0,0.188320946003937,0.1491604730019685,9.600151608271497,0.023854940564504618
963,0,0,0,0.18637947936063157,0.1481897396803158,9.572635126601071,0.02528933091649149
964,0,0,0,0.18683360115260472,0.14841680057630235,9.582558780300008,0.025080301136186117
965,0,0,0,0.18778749146404694,0.1488937457320235,9.601759366842717,0.024371952646688375
966,0,0,0,0.18577041813793954,0.14788520906896976,9.57381617269334,0.023186206839141774
967,0,0,0,0.18324302819079222,0.14662151409539614,9.534919734049884,0.030441087324628833
968,0,0,0,0.18351985547513724,0.14675992773756863,9.542050997626193,0.033548167204954675
969,0,0,0,0.18119844690363796,0.14559922345181897,9.508776590620773,0.039519888296480024
970,0,0,0,0.18158705537567568,0.14579352768783785,9.51308378901523,0.042084058936849654
971,0,0,0,0.182626567597457,0.1463132837987285,9.532165203438643,0.03259038226118127
972,0,0,0,0.18160635800013253,0.14580317900006626,9.510396874918976,0.031591831293056205
973,0,0,0,0.17950107872765664,0.1447505393638283,9.484545037201006,0.0353355567147415
974,0,0,0,0.1803634256584306,0.14518171282921533,9.498210981374296,0.03382446412962925
975,0,0,0,0.17943156564068036,0.14471578282034017,9.482514177926406,0.026679457071621445
976,0,0,0,0.17847597388480882,0.14423798694240442,9.46737397510105,0.02332959167315483
977,0,0,0,0.17904779796061887,0.14452389898030946,9.473016419063072,0.023419764876956142
978,0,0,0,0.17802381666668537,0.14401190833334268,9.461747334289978,0.02174821312321496
979,0,0,0,0.17956315247878668,0.14478157623939333,9.487254736452257,0.021155412093462764
980,0,0,0,0.1799692881332465,0.14498464406662326,9.498223072799863,0.020047011136160326
981,0,0,0,0.1831726843934106,0.1465863421967053,9.539897458261333,0.021752561856105895
982,0,0,0,0.18241135388087473,0.14620567694043737,9.531900323907724,0.02451821321983931
983,0,0,0,0.18349400239028402,0.146747001195142,9.546998290653255,0.029209796722393513
984,0,0,0,0.1836159333060378,0.14680796665301887,9.548343955216417,0.03277758769901941
985,0,0,0,0.18436698627082454,0.14718349313541226,9.556856932585706,0.03544549021258846
986,0,0,0,0.18619853035738054,0.1480992651786903,9.581357455169105,0.03778198804508179
987,0,0,0,0.18767404062170656,0.14883702031085327,9.600761845019516,0.040378164546873714
988,0,0,0,0.1883930261124015,0.14919651305620074,9.603406219824649,0.03676415059580616
989,0,0,0,0.18953328984344298,0.14976664492172148,9.617915893751974,0.035517668836659945
990,0,0,0,0.19028938320567065,0.15014469160283533,9.626799047535481,0.0330873159507343
991,0,0,0,0.1893356837419392,0.14966784187096963,9.615888891626806,0.032780400306469164
992,0,0,0,0.18937161396259328,0.14968580698129663,9.6140714653389,0.029018674669242923
993,0,0,0,0.19168068653962245,0.15084034326981122,9.65002221131357,0.029761487801030617
994,0,0,0,0.19136545856747594,0.15068272928373797,9.644140442020039,0.0263140363919464
995,0,0,0,0.1898997149087294,0.1499498574543647,9.621830007935925,0.01916270779550761
996,0,0,0,0.18897721790565042,0.14948860895282523,9.612103584485943,0.015142853205655891
997,0,0,0,0.187161512385191,0.1485807561925955,9.585965970695582,0.017549678920450267
998,0,0,0,0.1872138380226212,0.14860691901131062,9.582253161343928,0.020374986118349998
999,0,0,0,0.18570908866760952,0.1478545443338048,9.559556892802984,0.026685685245132634
